0,1000000000.0,-1.120270E+001, 9.240180E+001,0,0
1,1050000000.0,-1.034445E+001, 5.486431E+001,0,0
2,1100000000.0,-1.012701E+001, 2.274508E+001,0,0
3,1150000000.0,-1.023300E+001,-6.554265E+000,0,0
4,1200000000.0,-1.050783E+001,-4.491828E+001,0,0
5,1250000000.0,-1.086024E+001,-7.073824E+001,0,0
6,1300000000.0,-1.134380E+001,-1.021474E+002,0,0
7,1350000000.0,-1.255870E+001,-1.262438E+002,0,0
8,1400000000.0,-1.274837E+001,-1.556724E+002,0,0
9,1450000000.0,-1.381276E+001,-1.781649E+002,0,0
10,1500000000.0,-1.368415E+001, 1.522429E+002,0,0
11,1550000000.0,-1.446127E+001, 1.266115E+002,0,0
12,1600000000.0,-1.643489E+001, 9.868225E+001,0,0
13,1650000000.0,-1.710540E+001, 7.319850E+001,0,0
14,1700000000.0,-2.067572E+001, 4.784650E+001,0,0
15,1750000000.0,-2.119147E+001, 4.061075E+001,0,0
16,1800000000.0,-2.251266E+001, 4.520844E+001,0,0
17,1850000000.0,-1.806580E+001, 2.929567E+001,0,0
18,1900000000.0,-1.568667E+001, 6.901477E-001,0,0
19,1950000000.0,-1.576831E+001,-3.670576E+001,0,0
20,2000000000.0,-1.661078E+001,-6.540276E+001,0,0
21,2050000000.0,-1.600045E+001,-9.205254E+001,0,0
22,2100000000.0,-1.562389E+001,-1.227823E+002,0,0
23,2150000000.0,-1.575731E+001,-1.530825E+002,0,0
24,2200000000.0,-1.632740E+001, 1.784734E+002,0,0
25,2250000000.0,-1.688296E+001, 1.495591E+002,0,0
26,2300000000.0,-1.691973E+001, 1.187521E+002,0,0
27,2350000000.0,-1.815014E+001, 9.429774E+001,0,0
28,2400000000.0,-1.799916E+001, 6.554546E+001,0,0
29,2450000000.0,-1.901938E+001, 3.879339E+001,0,0
30,2500000000.0,-1.936026E+001, 1.437523E+001,0,0
31,2550000000.0,-1.946605E+001,-8.569500E+000,0,0
32,2600000000.0,-1.945608E+001,-3.492878E+001,0,0
33,2650000000.0,-1.918577E+001,-6.049993E+001,0,0
34,2700000000.0,-1.940042E+001,-9.075735E+001,0,0
35,2750000000.0,-1.915747E+001,-1.215400E+002,0,0
36,2800000000.0,-2.086849E+001,-1.532427E+002,0,0
37,2850000000.0,-2.263543E+001,-1.782145E+002,0,0
38,2900000000.0,-2.361774E+001, 1.567998E+002,0,0
39,2950000000.0,-2.445555E+001, 1.281163E+002,0,0
40,3000000000.0,-2.782808E+001, 1.111032E+002,0,0
41,3050000000.0,-2.916693E+001, 1.085587E+002,0,0
42,3100000000.0,-2.757223E+001, 1.058130E+002,0,0
43,3150000000.0,-2.588013E+001, 8.191307E+001,0,0
44,3200000000.0,-2.389079E+001, 5.801469E+001,0,0
45,3250000000.0,-2.270133E+001, 2.666189E+001,0,0
46,3300000000.0,-2.221286E+001,-5.779302E+000,0,0
47,3350000000.0,-2.174886E+001,-3.624741E+001,0,0
48,3400000000.0,-2.153477E+001,-7.103972E+001,0,0
49,3450000000.0,-2.173492E+001,-1.094579E+002,0,0
50,3500000000.0,-2.293062E+001,-1.407955E+002,0,0
51,3550000000.0,-2.348087E+001,-1.776192E+002,0,0
52,3600000000.0,-2.583474E+001, 1.467686E+002,0,0
53,3650000000.0,-2.808797E+001, 1.186100E+002,0,0
54,3700000000.0,-3.029066E+001, 9.969964E+001,0,0
55,3750000000.0,-3.167800E+001, 7.722468E+001,0,0
56,3800000000.0,-3.271770E+001, 5.650531E+001,0,0
57,3850000000.0,-3.215139E+001, 3.370359E+001,0,0
58,3900000000.0,-3.251134E+001, 4.410233E+000,0,0
59,3950000000.0,-3.177424E+001,-1.427723E+001,0,0
60,4000000000.0,-3.388511E+001,-5.498249E+001,0,0
61,4050000000.0,-3.660019E+001,-8.615448E+001,0,0
62,4100000000.0,-3.758191E+001,-1.412349E+002,0,0
63,4150000000.0,-4.884161E+001,-1.656667E+002,0,0
64,4200000000.0,-4.721569E+001, 6.886666E+001,0,0
65,4250000000.0,-4.432986E+001,-3.810178E+001,0,0
66,4300000000.0,-3.903343E+001,-5.695343E+001,0,0
67,4350000000.0,-3.623229E+001,-9.723774E+001,0,0
68,4400000000.0,-3.440448E+001,-1.494338E+002,0,0
69,4450000000.0,-3.647929E+001, 1.756458E+002,0,0
70,4500000000.0,-3.609870E+001, 1.547274E+002,0,0
71,4550000000.0,-3.265978E+001, 1.369968E+002,0,0
72,4600000000.0,-3.272340E+001, 1.033646E+002,0,0
73,4650000000.0,-3.151980E+001, 7.598878E+001,0,0
74,4700000000.0,-3.025003E+001, 4.105402E+001,0,0
75,4750000000.0,-2.978111E+001, 2.507079E+000,0,0
76,4800000000.0,-3.043407E+001,-3.253315E+001,0,0
77,4850000000.0,-3.152357E+001,-6.579042E+001,0,0
78,4900000000.0,-3.250558E+001,-8.590572E+001,0,0
79,4950000000.0,-3.286885E+001,-1.152290E+002,0,0
80,5000000000.0,-3.394310E+001,-1.373070E+002,0,0
81,5050000000.0,-3.576466E+001,-1.610020E+002,0,0
82,5100000000.0,-3.413058E+001,-1.778130E+002,0,0
83,5150000000.0,-3.342107E+001, 1.581225E+002,0,0
84,5200000000.0,-3.177946E+001, 1.358541E+002,0,0
85,5250000000.0,-3.063170E+001, 9.705235E+001,0,0
86,5300000000.0,-3.032625E+001, 5.848808E+001,0,0
87,5350000000.0,-3.044216E+001, 2.470476E+001,0,0
88,5400000000.0,-2.979116E+001,-1.409422E+001,0,0
89,5450000000.0,-3.007561E+001,-5.647416E+001,0,0
90,5500000000.0,-3.134022E+001,-1.034509E+002,0,0
91,5550000000.0,-3.383888E+001,-1.370927E+002,0,0
92,5600000000.0,-3.588536E+001, 1.795436E+002,0,0
93,5650000000.0,-4.017517E+001, 1.574403E+002,0,0
94,5700000000.0,-4.172031E+001, 1.224169E+002,0,0
95,5750000000.0,-4.715708E+001, 8.937438E+001,0,0
96,5800000000.0,-5.465568E+001, 1.707382E+002,0,0
97,5850000000.0,-4.335156E+001, 1.205203E+002,0,0
98,5900000000.0,-3.921757E+001, 8.543973E+001,0,0
99,5950000000.0,-3.808449E+001, 3.596254E+001,0,0
100,6000000000.0,-3.587715E+001,-1.810008E+001,0,0
101,6050000000.0,-3.846727E+001,-4.301106E+001,0,0
102,6100000000.0,-3.769025E+001,-8.588161E+001,0,0
103,6150000000.0,-3.630893E+001,-1.176684E+002,0,0
104,6200000000.0,-3.576991E+001,-1.554225E+002,0,0
105,6250000000.0,-3.568037E+001, 1.630028E+002,0,0
106,6300000000.0,-3.752298E+001, 1.130636E+002,0,0
107,6350000000.0,-4.098640E+001, 8.307465E+001,0,0
108,6400000000.0,-4.409670E+001, 7.209289E+001,0,0
109,6450000000.0,-4.000340E+001, 3.875437E+001,0,0
110,6500000000.0,-4.249993E+001,-2.130271E+001,0,0
111,6550000000.0,-5.394710E+001,-7.732202E+001,0,0
112,6600000000.0,-5.068684E+001,-4.054145E+000,0,0
113,6650000000.0,-4.466175E+001,-5.553552E+001,0,0
114,6700000000.0,-4.339893E+001,-1.097535E+002,0,0
115,6750000000.0,-4.337486E+001,-1.335673E+002,0,0
116,6800000000.0,-4.310269E+001,-1.704323E+002,0,0
117,6850000000.0,-4.029899E+001, 1.534242E+002,0,0
118,6900000000.0,-4.079587E+001, 1.101363E+002,0,0
119,6950000000.0,-4.018889E+001, 7.647380E+001,0,0
120,7000000000.0,-3.991837E+001, 2.291701E+001,0,0
121,7050000000.0,-4.256537E+001,-1.065925E+001,0,0
122,7100000000.0,-4.346089E+001,-5.333500E+001,0,0
123,7150000000.0,-4.449549E+001,-9.327251E+001,0,0
124,7200000000.0,-4.564423E+001,-9.601357E+001,0,0
125,7250000000.0,-4.143892E+001,-1.356016E+002,0,0
126,7300000000.0,-4.474077E+001, 1.676833E+002,0,0
127,7350000000.0,-4.268238E+001, 1.652857E+002,0,0
128,7400000000.0,-4.124215E+001, 1.196862E+002,0,0
129,7450000000.0,-4.364688E+001, 9.911748E+001,0,0
130,7500000000.0,-4.690213E+001, 8.110819E+001,0,0
131,7550000000.0,-4.370419E+001, 5.917588E+001,0,0
132,7600000000.0,-4.776613E+001, 3.873766E+001,0,0
133,7650000000.0,-5.229928E+001, 1.086986E+001,0,0
134,7700000000.0,-4.942828E+001, 5.721706E+001,0,0
135,7750000000.0,-4.439577E+001, 2.552616E+001,0,0
136,7800000000.0,-5.309929E+001,-1.963601E+001,0,0
137,7850000000.0,-4.728326E+001, 6.303121E+001,0,0
138,7900000000.0,-4.543970E+001, 1.996685E+001,0,0
139,7950000000.0,-4.502272E+001, 1.184889E+001,0,0
140,8000000000.0,-4.181453E+001, 1.324589E+001,0,0
141,8050000000.0,-4.142469E+001,-1.566274E+001,0,0
142,8100000000.0,-3.978970E+001,-2.949249E+001,0,0
143,8150000000.0,-4.171621E+001,-4.850076E+001,0,0
144,8200000000.0,-4.009975E+001,-6.868973E+001,0,0
145,8250000000.0,-4.339508E+001,-7.883738E+001,0,0
146,8300000000.0,-4.090548E+001,-7.204541E+001,0,0
147,8350000000.0,-3.880424E+001,-8.783781E+001,0,0
148,8400000000.0,-3.826942E+001,-1.235623E+002,0,0
149,8450000000.0,-3.989080E+001,-1.348627E+002,0,0
150,8500000000.0,-3.909383E+001,-1.535168E+002,0,0
151,8550000000.0,-4.083625E+001, 1.721711E+002,0,0
152,8600000000.0,-4.535555E+001, 1.559567E+002,0,0
153,8650000000.0,-5.022749E+001,-1.706616E+002,0,0
154,8700000000.0,-5.778408E+001,-1.693400E+002,0,0
155,8750000000.0,-4.714004E+001,-1.271923E+002,0,0
156,8800000000.0,-4.222035E+001,-1.619891E+002,0,0
157,8850000000.0,-4.281469E+001,-1.664847E+002,0,0
158,8900000000.0,-3.926115E+001, 1.701478E+002,0,0
159,8950000000.0,-4.126309E+001, 1.446419E+002,0,0
160,9000000000.0,-3.975324E+001, 1.324113E+002,0,0
161,9050000000.0,-4.090208E+001, 1.236395E+002,0,0
162,9100000000.0,-4.061113E+001, 1.090729E+002,0,0
163,9150000000.0,-4.064240E+001, 9.048349E+001,0,0
164,9200000000.0,-4.373122E+001, 7.297930E+001,0,0
165,9250000000.0,-4.442216E+001, 7.273751E+001,0,0
166,9300000000.0,-4.275539E+001, 6.426997E+001,0,0
167,9350000000.0,-4.253889E+001, 5.431396E+001,0,0
168,9400000000.0,-4.154971E+001, 3.928519E+001,0,0
169,9450000000.0,-4.287002E+001, 6.808393E+000,0,0
170,9500000000.0,-4.661919E+001,-3.918468E+000,0,0
171,9550000000.0,-4.647739E+001, 5.758083E+000,0,0
172,9600000000.0,-4.847702E+001,-3.217013E+001,0,0
173,9650000000.0,-5.485592E+001,-5.894943E+001,0,0
174,9700000000.0,-5.469867E+001, 3.437692E+001,0,0
175,9750000000.0,-4.954947E+001, 3.052424E+001,0,0
176,9800000000.0,-4.725667E+001, 1.279542E+001,0,0
177,9850000000.0,-4.719921E+001,-5.859864E+000,0,0
178,9900000000.0,-4.476376E+001,-1.648053E+001,0,0
179,9950000000.0,-4.561406E+001,-4.738116E+001,0,0
180,10000000000.0,-4.912751E+001,-5.910118E+001,0,0
181,10050000000.0,-4.927991E+001,-6.384448E+001,0,0
182,10100000000.0,-5.029708E+001,-4.049385E+001,0,0
183,10150000000.0,-4.761914E+001,-5.537337E+001,0,0
184,10200000000.0,-4.528606E+001,-6.931939E+001,0,0
185,10250000000.0,-4.579010E+001,-8.562980E+001,0,0
186,10300000000.0,-4.327533E+001,-1.069358E+002,0,0
187,10350000000.0,-4.512658E+001,-1.437055E+002,0,0
188,10400000000.0,-4.684066E+001,-1.674880E+002,0,0
189,10450000000.0,-5.510783E+001, 1.488471E+002,0,0
190,10500000000.0,-5.416655E+001,-1.498979E+002,0,0
191,10550000000.0,-5.468841E+001,-1.357266E+002,0,0
192,10600000000.0,-4.902538E+001,-1.528556E+002,0,0
193,10650000000.0,-5.094672E+001, 1.762703E+002,0,0
194,10700000000.0,-5.530554E+001, 1.446285E+002,0,0
195,10750000000.0,-5.481962E+001, 1.716798E+002,0,0
196,10800000000.0,-5.854011E+001, 1.448366E+002,0,0
197,10850000000.0,-6.042602E+001,-8.920938E+001,0,0
198,10900000000.0,-4.869265E+001,-1.499150E+002,0,0
199,10950000000.0,-4.665763E+001, 1.581186E+002,0,0
200,11000000000.0,-4.600128E+001, 1.342921E+002,0,0
0,1000000000.0,-1.122782E+001, 9.220091E+001,1,0
1,1050000000.0,-1.042525E+001, 5.525697E+001,1,0
2,1100000000.0,-1.013162E+001, 2.294621E+001,1,0
3,1150000000.0,-1.013528E+001,-6.960928E+000,1,0
4,1200000000.0,-1.057558E+001,-4.569552E+001,1,0
5,1250000000.0,-1.090847E+001,-7.091707E+001,1,0
6,1300000000.0,-1.131966E+001,-1.018908E+002,1,0
7,1350000000.0,-1.256614E+001,-1.262369E+002,1,0
8,1400000000.0,-1.281157E+001,-1.558269E+002,1,0
9,1450000000.0,-1.380625E+001,-1.782576E+002,1,0
10,1500000000.0,-1.367991E+001, 1.519219E+002,1,0
11,1550000000.0,-1.441502E+001, 1.268893E+002,1,0
12,1600000000.0,-1.638418E+001, 9.903238E+001,1,0
13,1650000000.0,-1.708142E+001, 7.192730E+001,1,0
14,1700000000.0,-2.087025E+001, 4.857589E+001,1,0
15,1750000000.0,-2.144258E+001, 4.112858E+001,1,0
16,1800000000.0,-2.213731E+001, 4.613716E+001,1,0
17,1850000000.0,-1.805462E+001, 2.880855E+001,1,0
18,1900000000.0,-1.575568E+001, 2.273784E-001,1,0
19,1950000000.0,-1.590204E+001,-3.624792E+001,1,0
20,2000000000.0,-1.650916E+001,-6.558667E+001,1,0
21,2050000000.0,-1.593286E+001,-9.215623E+001,1,0
22,2100000000.0,-1.565140E+001,-1.234795E+002,1,0
23,2150000000.0,-1.594064E+001,-1.526047E+002,1,0
24,2200000000.0,-1.618369E+001, 1.790829E+002,1,0
25,2250000000.0,-1.680305E+001, 1.499973E+002,1,0
26,2300000000.0,-1.682871E+001, 1.178646E+002,1,0
27,2350000000.0,-1.840027E+001, 9.480922E+001,1,0
28,2400000000.0,-1.811068E+001, 6.649873E+001,1,0
29,2450000000.0,-1.886511E+001, 3.939392E+001,1,0
30,2500000000.0,-1.928028E+001, 1.395758E+001,1,0
31,2550000000.0,-1.944254E+001,-9.281047E+000,1,0
32,2600000000.0,-1.945634E+001,-3.454413E+001,1,0
33,2650000000.0,-1.907973E+001,-6.077707E+001,1,0
34,2700000000.0,-1.939808E+001,-9.057750E+001,1,0
35,2750000000.0,-1.926753E+001,-1.216961E+002,1,0
36,2800000000.0,-2.094820E+001,-1.527608E+002,1,0
37,2850000000.0,-2.267783E+001,-1.772533E+002,1,0
38,2900000000.0,-2.363871E+001, 1.562160E+002,1,0
39,2950000000.0,-2.451348E+001, 1.278283E+002,1,0
40,3000000000.0,-2.793484E+001, 1.116929E+002,1,0
41,3050000000.0,-2.880922E+001, 1.079191E+002,1,0
42,3100000000.0,-2.767435E+001, 1.057656E+002,1,0
43,3150000000.0,-2.585568E+001, 8.154010E+001,1,0
44,3200000000.0,-2.386033E+001, 5.822139E+001,1,0
45,3250000000.0,-2.263693E+001, 2.659454E+001,1,0
46,3300000000.0,-2.225069E+001,-4.969986E+000,1,0
47,3350000000.0,-2.159937E+001,-3.648142E+001,1,0
48,3400000000.0,-2.162517E+001,-7.105661E+001,1,0
49,3450000000.0,-2.171468E+001,-1.093707E+002,1,0
50,3500000000.0,-2.291897E+001,-1.409555E+002,1,0
51,3550000000.0,-2.350572E+001,-1.766483E+002,1,0
52,3600000000.0,-2.579037E+001, 1.440181E+002,1,0
53,3650000000.0,-2.870273E+001, 1.218986E+002,1,0
54,3700000000.0,-3.041960E+001, 1.037159E+002,1,0
55,3750000000.0,-3.142141E+001, 7.734801E+001,1,0
56,3800000000.0,-3.274186E+001, 5.655238E+001,1,0
57,3850000000.0,-3.216582E+001, 3.621689E+001,1,0
58,3900000000.0,-3.180322E+001, 5.633423E+000,1,0
59,3950000000.0,-3.134498E+001,-1.656942E+001,1,0
60,4000000000.0,-3.362085E+001,-6.292004E+001,1,0
61,4050000000.0,-3.722112E+001,-9.386131E+001,1,0
62,4100000000.0,-3.910721E+001,-1.378053E+002,1,0
63,4150000000.0,-4.890952E+001,-1.746828E+002,1,0
64,4200000000.0,-4.853347E+001, 7.208820E+001,1,0
65,4250000000.0,-4.458414E+001,-3.925237E+001,1,0
66,4300000000.0,-3.924788E+001,-5.331013E+001,1,0
67,4350000000.0,-3.631271E+001,-9.570943E+001,1,0
68,4400000000.0,-3.443641E+001,-1.492942E+002,1,0
69,4450000000.0,-3.626077E+001, 1.779502E+002,1,0
70,4500000000.0,-3.538649E+001, 1.566395E+002,1,0
71,4550000000.0,-3.229332E+001, 1.359049E+002,1,0
72,4600000000.0,-3.229665E+001, 9.982977E+001,1,0
73,4650000000.0,-3.172062E+001, 7.385235E+001,1,0
74,4700000000.0,-3.030153E+001, 3.750080E+001,1,0
75,4750000000.0,-3.018452E+001,-1.100472E+000,1,0
76,4800000000.0,-3.111276E+001,-3.265955E+001,1,0
77,4850000000.0,-3.207074E+001,-6.318653E+001,1,0
78,4900000000.0,-3.260581E+001,-8.344327E+001,1,0
79,4950000000.0,-3.251808E+001,-1.105130E+002,1,0
80,5000000000.0,-3.371503E+001,-1.384300E+002,1,0
81,5050000000.0,-3.542622E+001,-1.630589E+002,1,0
82,5100000000.0,-3.414088E+001,-1.780565E+002,1,0
83,5150000000.0,-3.323141E+001, 1.604020E+002,1,0
84,5200000000.0,-3.148683E+001, 1.347344E+002,1,0
85,5250000000.0,-3.035206E+001, 9.624310E+001,1,0
86,5300000000.0,-3.005173E+001, 5.738535E+001,1,0
87,5350000000.0,-3.025567E+001, 2.046897E+001,1,0
88,5400000000.0,-3.007542E+001,-1.655870E+001,1,0
89,5450000000.0,-3.053759E+001,-5.795558E+001,1,0
90,5500000000.0,-3.187823E+001,-1.022150E+002,1,0
91,5550000000.0,-3.402477E+001,-1.364636E+002,1,0
92,5600000000.0,-3.640419E+001,-1.786447E+002,1,0
93,5650000000.0,-4.003739E+001, 1.594145E+002,1,0
94,5700000000.0,-4.157798E+001, 1.271810E+002,1,0
95,5750000000.0,-4.683910E+001, 9.727667E+001,1,0
96,5800000000.0,-5.501479E+001, 1.595651E+002,1,0
97,5850000000.0,-4.312413E+001, 1.191797E+002,1,0
98,5900000000.0,-3.934903E+001, 8.434334E+001,1,0
99,5950000000.0,-3.747307E+001, 3.328748E+001,1,0
100,6000000000.0,-3.600539E+001,-2.294801E+001,1,0
101,6050000000.0,-3.866590E+001,-4.375008E+001,1,0
102,6100000000.0,-3.822423E+001,-8.618272E+001,1,0
103,6150000000.0,-3.664081E+001,-1.175296E+002,1,0
104,6200000000.0,-3.584855E+001,-1.533384E+002,1,0
105,6250000000.0,-3.622148E+001, 1.618096E+002,1,0
106,6300000000.0,-3.834239E+001, 1.175281E+002,1,0
107,6350000000.0,-4.147567E+001, 9.525362E+001,1,0
108,6400000000.0,-4.158012E+001, 7.880465E+001,1,0
109,6450000000.0,-3.898557E+001, 3.673959E+001,1,0
110,6500000000.0,-4.258511E+001,-1.826556E+001,1,0
111,6550000000.0,-4.730873E+001,-5.808279E+001,1,0
112,6600000000.0,-5.324339E+001,-4.415459E+001,1,0
113,6650000000.0,-4.665924E+001,-5.854541E+001,1,0
114,6700000000.0,-4.453388E+001,-1.180089E+002,1,0
115,6750000000.0,-4.474451E+001,-1.322940E+002,1,0
116,6800000000.0,-4.472073E+001,-1.707035E+002,1,0
117,6850000000.0,-4.094590E+001, 1.552253E+002,1,0
118,6900000000.0,-4.158461E+001, 1.132011E+002,1,0
119,6950000000.0,-4.107726E+001, 8.126587E+001,1,0
120,7000000000.0,-4.023399E+001, 2.738252E+001,1,0
121,7050000000.0,-4.285641E+001,-1.138071E+000,1,0
122,7100000000.0,-4.273584E+001,-4.747969E+001,1,0
123,7150000000.0,-4.490480E+001,-8.379449E+001,1,0
124,7200000000.0,-4.394923E+001,-9.539320E+001,1,0
125,7250000000.0,-4.137723E+001,-1.440935E+002,1,0
126,7300000000.0,-4.492954E+001, 1.766262E+002,1,0
127,7350000000.0,-4.191480E+001, 1.593543E+002,1,0
128,7400000000.0,-4.148445E+001, 1.218342E+002,1,0
129,7450000000.0,-4.327204E+001, 9.362428E+001,1,0
130,7500000000.0,-4.614323E+001, 8.028279E+001,1,0
131,7550000000.0,-4.365902E+001, 5.618822E+001,1,0
132,7600000000.0,-4.731172E+001, 3.318158E+001,1,0
133,7650000000.0,-5.273182E+001,-9.342196E+000,1,0
134,7700000000.0,-5.027990E+001, 6.891254E+001,1,0
135,7750000000.0,-4.608134E+001, 2.746906E+001,1,0
136,7800000000.0,-5.364709E+001, 3.842777E+001,1,0
137,7850000000.0,-4.607139E+001, 4.412073E+001,1,0
138,7900000000.0,-4.442181E+001, 1.583892E+001,1,0
139,7950000000.0,-4.511289E+001,-4.776192E+000,1,0
140,8000000000.0,-4.229893E+001, 1.537513E+001,1,0
141,8050000000.0,-4.263538E+001,-1.272971E+001,1,0
142,8100000000.0,-4.003905E+001,-2.657123E+001,1,0
143,8150000000.0,-4.147825E+001,-4.923602E+001,1,0
144,8200000000.0,-4.006520E+001,-6.115615E+001,1,0
145,8250000000.0,-4.231057E+001,-7.699541E+001,1,0
146,8300000000.0,-4.002600E+001,-7.529791E+001,1,0
147,8350000000.0,-3.881174E+001,-9.084206E+001,1,0
148,8400000000.0,-3.835164E+001,-1.284372E+002,1,0
149,8450000000.0,-4.055301E+001,-1.445814E+002,1,0
150,8500000000.0,-4.050488E+001,-1.514268E+002,1,0
151,8550000000.0,-4.194214E+001, 1.753655E+002,1,0
152,8600000000.0,-4.589487E+001, 1.677056E+002,1,0
153,8650000000.0,-4.767796E+001, 1.766171E+002,1,0
154,8700000000.0,-5.577104E+001,-1.649180E+002,1,0
155,8750000000.0,-4.665650E+001,-1.299088E+002,1,0
156,8800000000.0,-4.248672E+001,-1.685137E+002,1,0
157,8850000000.0,-4.308794E+001,-1.667092E+002,1,0
158,8900000000.0,-4.087829E+001, 1.726301E+002,1,0
159,8950000000.0,-3.987169E+001, 1.544763E+002,1,0
160,9000000000.0,-3.962199E+001, 1.335482E+002,1,0
161,9050000000.0,-4.014345E+001, 1.176337E+002,1,0
162,9100000000.0,-4.097231E+001, 1.059909E+002,1,0
163,9150000000.0,-4.056425E+001, 8.546863E+001,1,0
164,9200000000.0,-4.343260E+001, 8.442594E+001,1,0
165,9250000000.0,-4.414324E+001, 7.135686E+001,1,0
166,9300000000.0,-4.236098E+001, 6.700147E+001,1,0
167,9350000000.0,-4.239068E+001, 5.446899E+001,1,0
168,9400000000.0,-4.096886E+001, 3.214680E+001,1,0
169,9450000000.0,-4.471258E+001, 2.040735E+000,1,0
170,9500000000.0,-4.750728E+001,-3.774048E+000,1,0
171,9550000000.0,-4.576591E+001, 1.704982E+001,1,0
172,9600000000.0,-4.748316E+001,-3.197509E+001,1,0
173,9650000000.0,-5.530278E+001,-2.926270E+001,1,0
174,9700000000.0,-5.798170E+001, 2.722638E+001,1,0
175,9750000000.0,-4.921904E+001, 3.456789E+001,1,0
176,9800000000.0,-4.759776E+001, 8.513191E+000,1,0
177,9850000000.0,-4.785941E+001,-9.104051E+000,1,0
178,9900000000.0,-4.546810E+001,-1.197965E+001,1,0
179,9950000000.0,-4.500819E+001,-4.422138E+001,1,0
180,10000000000.0,-4.839998E+001,-5.563659E+001,1,0
181,10050000000.0,-5.029551E+001,-8.045349E+001,1,0
182,10100000000.0,-5.120507E+001,-3.610735E+001,1,0
183,10150000000.0,-4.723289E+001,-5.178569E+001,1,0
184,10200000000.0,-4.409419E+001,-7.152884E+001,1,0
185,10250000000.0,-4.561448E+001,-9.317339E+001,1,0
186,10300000000.0,-4.388242E+001,-1.087446E+002,1,0
187,10350000000.0,-4.513273E+001,-1.437084E+002,1,0
188,10400000000.0,-4.701910E+001,-1.702973E+002,1,0
189,10450000000.0,-5.709653E+001, 1.601576E+002,1,0
190,10500000000.0,-5.389115E+001,-1.454391E+002,1,0
191,10550000000.0,-5.502090E+001,-1.226469E+002,1,0
192,10600000000.0,-4.852962E+001,-1.473489E+002,1,0
193,10650000000.0,-5.053783E+001,-1.767490E+002,1,0
194,10700000000.0,-5.389075E+001, 1.440448E+002,1,0
195,10750000000.0,-5.624191E+001, 1.544496E+002,1,0
196,10800000000.0,-6.088726E+001, 1.522543E+002,1,0
197,10850000000.0,-5.638837E+001,-1.158168E+002,1,0
198,10900000000.0,-4.773994E+001,-1.591264E+002,1,0
199,10950000000.0,-4.705331E+001, 1.568985E+002,1,0
200,11000000000.0,-4.624139E+001, 1.277265E+002,1,0
0,1000000000.0,-1.127226E+001, 9.203926E+001,2,0
1,1050000000.0,-1.051561E+001, 5.568739E+001,2,0
2,1100000000.0,-1.012454E+001, 2.306536E+001,2,0
3,1150000000.0,-1.004762E+001,-7.543944E+000,2,0
4,1200000000.0,-1.066516E+001,-4.619704E+001,2,0
5,1250000000.0,-1.099403E+001,-7.111617E+001,2,0
6,1300000000.0,-1.129888E+001,-1.014969E+002,2,0
7,1350000000.0,-1.255376E+001,-1.263515E+002,2,0
8,1400000000.0,-1.290823E+001,-1.559179E+002,2,0
9,1450000000.0,-1.379391E+001,-1.784692E+002,2,0
10,1500000000.0,-1.366269E+001, 1.516810E+002,2,0
11,1550000000.0,-1.438243E+001, 1.269650E+002,2,0
12,1600000000.0,-1.634189E+001, 9.929177E+001,2,0
13,1650000000.0,-1.710816E+001, 7.016930E+001,2,0
14,1700000000.0,-2.104489E+001, 4.940955E+001,2,0
15,1750000000.0,-2.169385E+001, 4.159826E+001,2,0
16,1800000000.0,-2.177683E+001, 4.615050E+001,2,0
17,1850000000.0,-1.816752E+001, 2.838589E+001,2,0
18,1900000000.0,-1.588034E+001,-5.649808E-002,2,0
19,1950000000.0,-1.608877E+001,-3.596925E+001,2,0
20,2000000000.0,-1.636019E+001,-6.606365E+001,2,0
21,2050000000.0,-1.585971E+001,-9.220506E+001,2,0
22,2100000000.0,-1.565844E+001,-1.242153E+002,2,0
23,2150000000.0,-1.611172E+001,-1.518281E+002,2,0
24,2200000000.0,-1.607163E+001, 1.794225E+002,2,0
25,2250000000.0,-1.674759E+001, 1.501585E+002,2,0
26,2300000000.0,-1.680662E+001, 1.171135E+002,2,0
27,2350000000.0,-1.863849E+001, 9.555489E+001,2,0
28,2400000000.0,-1.818605E+001, 6.765764E+001,2,0
29,2450000000.0,-1.870711E+001, 3.959240E+001,2,0
30,2500000000.0,-1.921686E+001, 1.371868E+001,2,0
31,2550000000.0,-1.941961E+001,-9.495197E+000,2,0
32,2600000000.0,-1.937233E+001,-3.420172E+001,2,0
33,2650000000.0,-1.901412E+001,-6.163592E+001,2,0
34,2700000000.0,-1.944663E+001,-9.051123E+001,2,0
35,2750000000.0,-1.939349E+001,-1.216293E+002,2,0
36,2800000000.0,-2.094153E+001,-1.522668E+002,2,0
37,2850000000.0,-2.265820E+001,-1.772268E+002,2,0
38,2900000000.0,-2.366430E+001, 1.554241E+002,2,0
39,2950000000.0,-2.461305E+001, 1.279929E+002,2,0
40,3000000000.0,-2.795754E+001, 1.123134E+002,2,0
41,3050000000.0,-2.854868E+001, 1.074372E+002,2,0
42,3100000000.0,-2.789605E+001, 1.052367E+002,2,0
43,3150000000.0,-2.578223E+001, 8.179205E+001,2,0
44,3200000000.0,-2.379631E+001, 5.825056E+001,2,0
45,3250000000.0,-2.252881E+001, 2.653809E+001,2,0
46,3300000000.0,-2.229804E+001,-4.436814E+000,2,0
47,3350000000.0,-2.150241E+001,-3.678422E+001,2,0
48,3400000000.0,-2.170183E+001,-7.094071E+001,2,0
49,3450000000.0,-2.173219E+001,-1.087105E+002,2,0
50,3500000000.0,-2.286240E+001,-1.413539E+002,2,0
51,3550000000.0,-2.359342E+001,-1.760690E+002,2,0
52,3600000000.0,-2.591463E+001, 1.419904E+002,2,0
53,3650000000.0,-2.907932E+001, 1.269640E+002,2,0
54,3700000000.0,-3.023651E+001, 1.058279E+002,2,0
55,3750000000.0,-3.106979E+001, 7.612311E+001,2,0
56,3800000000.0,-3.278405E+001, 5.643708E+001,2,0
57,3850000000.0,-3.234520E+001, 3.911176E+001,2,0
58,3900000000.0,-3.106489E+001, 7.359542E+000,2,0
59,3950000000.0,-3.156567E+001,-2.151513E+001,2,0
60,4000000000.0,-3.350230E+001,-6.817841E+001,2,0
61,4050000000.0,-3.752410E+001,-9.959435E+001,2,0
62,4100000000.0,-4.097622E+001,-1.329306E+002,2,0
63,4150000000.0,-4.814707E+001, 1.652371E+002,2,0
64,4200000000.0,-5.065472E+001, 6.406204E+001,2,0
65,4250000000.0,-4.449738E+001,-4.414754E+001,2,0
66,4300000000.0,-3.987389E+001,-5.345847E+001,2,0
67,4350000000.0,-3.666647E+001,-9.364169E+001,2,0
68,4400000000.0,-3.430791E+001,-1.479035E+002,2,0
69,4450000000.0,-3.592818E+001, 1.794389E+002,2,0
70,4500000000.0,-3.471676E+001, 1.587588E+002,2,0
71,4550000000.0,-3.221715E+001, 1.332613E+002,2,0
72,4600000000.0,-3.203815E+001, 9.702767E+001,2,0
73,4650000000.0,-3.179038E+001, 7.119186E+001,2,0
74,4700000000.0,-3.054982E+001, 3.294920E+001,2,0
75,4750000000.0,-3.097890E+001,-2.281445E+000,2,0
76,4800000000.0,-3.193613E+001,-3.032157E+001,2,0
77,4850000000.0,-3.245303E+001,-5.793370E+001,2,0
78,4900000000.0,-3.247836E+001,-8.081546E+001,2,0
79,4950000000.0,-3.212521E+001,-1.081909E+002,2,0
80,5000000000.0,-3.354435E+001,-1.402995E+002,2,0
81,5050000000.0,-3.512842E+001,-1.639178E+002,2,0
82,5100000000.0,-3.395845E+001,-1.769421E+002,2,0
83,5150000000.0,-3.288742E+001, 1.595057E+002,2,0
84,5200000000.0,-3.130471E+001, 1.326293E+002,2,0
85,5250000000.0,-3.040456E+001, 9.506959E+001,2,0
86,5300000000.0,-2.982375E+001, 5.667064E+001,2,0
87,5350000000.0,-3.028613E+001, 1.628954E+001,2,0
88,5400000000.0,-3.048798E+001,-1.778212E+001,2,0
89,5450000000.0,-3.095790E+001,-5.864267E+001,2,0
90,5500000000.0,-3.218756E+001,-1.008438E+002,2,0
91,5550000000.0,-3.419830E+001,-1.372393E+002,2,0
92,5600000000.0,-3.724228E+001,-1.746067E+002,2,0
93,5650000000.0,-3.966653E+001, 1.612943E+002,2,0
94,5700000000.0,-4.151719E+001, 1.286596E+002,2,0
95,5750000000.0,-4.714038E+001, 1.008493E+002,2,0
96,5800000000.0,-5.477275E+001, 1.469887E+002,2,0
97,5850000000.0,-4.227674E+001, 1.208128E+002,2,0
98,5900000000.0,-3.895670E+001, 8.106553E+001,2,0
99,5950000000.0,-3.683960E+001, 3.026133E+001,2,0
100,6000000000.0,-3.601014E+001,-2.653799E+001,2,0
101,6050000000.0,-3.877295E+001,-4.650521E+001,2,0
102,6100000000.0,-3.823651E+001,-8.543541E+001,2,0
103,6150000000.0,-3.673497E+001,-1.187863E+002,2,0
104,6200000000.0,-3.610129E+001,-1.537840E+002,2,0
105,6250000000.0,-3.732742E+001, 1.613111E+002,2,0
106,6300000000.0,-3.889188E+001, 1.232121E+002,2,0
107,6350000000.0,-4.149998E+001, 1.000173E+002,2,0
108,6400000000.0,-4.031385E+001, 8.098817E+001,2,0
109,6450000000.0,-3.858102E+001, 3.748892E+001,2,0
110,6500000000.0,-4.226564E+001,-1.199356E+001,2,0
111,6550000000.0,-4.297818E+001,-4.992509E+001,2,0
112,6600000000.0,-5.150535E+001,-9.350883E+001,2,0
113,6650000000.0,-4.877594E+001,-6.874079E+001,2,0
114,6700000000.0,-4.597663E+001,-1.234849E+002,2,0
115,6750000000.0,-4.711540E+001,-1.360510E+002,2,0
116,6800000000.0,-4.608836E+001,-1.657473E+002,2,0
117,6850000000.0,-4.171058E+001, 1.576658E+002,2,0
118,6900000000.0,-4.235249E+001, 1.192092E+002,2,0
119,6950000000.0,-4.208561E+001, 8.637543E+001,2,0
120,7000000000.0,-4.078714E+001, 3.908184E+001,2,0
121,7050000000.0,-4.216508E+001, 8.034487E+000,2,0
122,7100000000.0,-4.111502E+001,-3.833572E+001,2,0
123,7150000000.0,-4.337014E+001,-7.530064E+001,2,0
124,7200000000.0,-4.171394E+001,-1.020904E+002,2,0
125,7250000000.0,-4.150850E+001,-1.532600E+002,2,0
126,7300000000.0,-4.370199E+001, 1.764367E+002,2,0
127,7350000000.0,-4.179671E+001, 1.512147E+002,2,0
128,7400000000.0,-4.213602E+001, 1.240848E+002,2,0
129,7450000000.0,-4.286932E+001, 8.371735E+001,2,0
130,7500000000.0,-4.676943E+001, 8.400501E+001,2,0
131,7550000000.0,-4.487608E+001, 5.725334E+001,2,0
132,7600000000.0,-4.682285E+001, 3.371521E+001,2,0
133,7650000000.0,-5.356779E+001,-2.899015E+000,2,0
134,7700000000.0,-5.028349E+001, 6.810255E+001,2,0
135,7750000000.0,-4.849296E+001, 3.395330E+001,2,0
136,7800000000.0,-4.926865E+001, 5.390765E+001,2,0
137,7850000000.0,-4.514391E+001, 3.202935E+001,2,0
138,7900000000.0,-4.444756E+001, 1.321463E+001,2,0
139,7950000000.0,-4.544836E+001,-1.231832E+001,2,0
140,8000000000.0,-4.313775E+001, 1.327410E+001,2,0
141,8050000000.0,-4.353442E+001,-1.537255E+001,2,0
142,8100000000.0,-4.099404E+001,-2.268442E+001,2,0
143,8150000000.0,-4.120878E+001,-4.633310E+001,2,0
144,8200000000.0,-3.926180E+001,-5.145960E+001,2,0
145,8250000000.0,-4.076638E+001,-7.948740E+001,2,0
146,8300000000.0,-3.971079E+001,-8.053369E+001,2,0
147,8350000000.0,-3.902289E+001,-9.992931E+001,2,0
148,8400000000.0,-3.847644E+001,-1.300864E+002,2,0
149,8450000000.0,-4.244499E+001,-1.481679E+002,2,0
150,8500000000.0,-4.099261E+001,-1.465198E+002,2,0
151,8550000000.0,-4.306656E+001,-1.747938E+002,2,0
152,8600000000.0,-4.464104E+001,-1.797170E+002,2,0
153,8650000000.0,-4.642060E+001, 1.680986E+002,2,0
154,8700000000.0,-5.328775E+001,-1.688339E+002,2,0
155,8750000000.0,-4.659760E+001,-1.391354E+002,2,0
156,8800000000.0,-4.453113E+001,-1.743698E+002,2,0
157,8850000000.0,-4.362840E+001,-1.625133E+002,2,0
158,8900000000.0,-4.109921E+001,-1.783998E+002,2,0
159,8950000000.0,-3.858443E+001, 1.533513E+002,2,0
160,9000000000.0,-3.964161E+001, 1.320669E+002,2,0
161,9050000000.0,-4.031992E+001, 1.114605E+002,2,0
162,9100000000.0,-4.141077E+001, 1.061591E+002,2,0
163,9150000000.0,-4.124002E+001, 8.509103E+001,2,0
164,9200000000.0,-4.235506E+001, 8.438462E+001,2,0
165,9250000000.0,-4.359631E+001, 6.896310E+001,2,0
166,9300000000.0,-4.201270E+001, 6.538121E+001,2,0
167,9350000000.0,-4.244481E+001, 5.321720E+001,2,0
168,9400000000.0,-4.208710E+001, 2.865374E+001,2,0
169,9450000000.0,-4.542591E+001, 1.495931E+001,2,0
170,9500000000.0,-4.717688E+001, 2.279125E+000,2,0
171,9550000000.0,-4.470604E+001, 8.340219E+000,2,0
172,9600000000.0,-4.829109E+001,-3.680623E+001,2,0
173,9650000000.0,-5.297645E+001,-2.810253E+001,2,0
174,9700000000.0,-5.609236E+001, 3.135561E+001,2,0
175,9750000000.0,-4.970453E+001, 2.504646E+001,2,0
176,9800000000.0,-4.719440E+001, 1.665835E+001,2,0
177,9850000000.0,-4.903332E+001,-1.351343E+001,2,0
178,9900000000.0,-4.492310E+001,-1.163404E+001,2,0
179,9950000000.0,-4.484478E+001,-4.460031E+001,2,0
180,10000000000.0,-4.848050E+001,-5.410746E+001,2,0
181,10050000000.0,-5.333304E+001,-9.101186E+001,2,0
182,10100000000.0,-4.898956E+001,-3.132255E+001,2,0
183,10150000000.0,-4.653120E+001,-5.679896E+001,2,0
184,10200000000.0,-4.464163E+001,-7.868661E+001,2,0
185,10250000000.0,-4.642277E+001,-9.595940E+001,2,0
186,10300000000.0,-4.419019E+001,-1.064504E+002,2,0
187,10350000000.0,-4.511653E+001,-1.416856E+002,2,0
188,10400000000.0,-4.763756E+001,-1.664984E+002,2,0
189,10450000000.0,-5.770765E+001,-1.778051E+002,2,0
190,10500000000.0,-5.364645E+001,-1.546565E+002,2,0
191,10550000000.0,-5.353180E+001,-1.202675E+002,2,0
192,10600000000.0,-4.913486E+001,-1.544473E+002,2,0
193,10650000000.0,-5.028093E+001,-1.642204E+002,2,0
194,10700000000.0,-5.379504E+001, 1.363122E+002,2,0
195,10750000000.0,-5.730896E+001, 1.653631E+002,2,0
196,10800000000.0,-5.964747E+001, 1.587204E+002,2,0
197,10850000000.0,-5.484561E+001,-1.504701E+002,2,0
198,10900000000.0,-4.850136E+001,-1.640463E+002,2,0
199,10950000000.0,-4.746754E+001, 1.512057E+002,2,0
200,11000000000.0,-4.732968E+001, 1.210924E+002,2,0
0,1000000000.0,-1.123519E+001, 9.239255E+001,0,1
1,1050000000.0,-1.034288E+001, 5.471702E+001,0,1
2,1100000000.0,-1.016595E+001, 2.270584E+001,0,1
3,1150000000.0,-1.025282E+001,-6.125401E+000,0,1
4,1200000000.0,-1.052944E+001,-4.484763E+001,0,1
5,1250000000.0,-1.085905E+001,-7.061647E+001,0,1
6,1300000000.0,-1.131573E+001,-1.022876E+002,0,1
7,1350000000.0,-1.256487E+001,-1.263664E+002,0,1
8,1400000000.0,-1.277781E+001,-1.557393E+002,0,1
9,1450000000.0,-1.380064E+001,-1.784642E+002,0,1
10,1500000000.0,-1.369355E+001, 1.516282E+002,0,1
11,1550000000.0,-1.454968E+001, 1.262781E+002,0,1
12,1600000000.0,-1.650656E+001, 9.894632E+001,0,1
13,1650000000.0,-1.714931E+001, 7.408504E+001,0,1
14,1700000000.0,-2.029726E+001, 4.870691E+001,0,1
15,1750000000.0,-2.118985E+001, 3.589111E+001,0,1
16,1800000000.0,-2.271423E+001, 4.756906E+001,0,1
17,1850000000.0,-1.777363E+001, 3.046581E+001,0,1
18,1900000000.0,-1.554812E+001,-1.291968E+000,0,1
19,1950000000.0,-1.598038E+001,-3.707301E+001,0,1
20,2000000000.0,-1.673479E+001,-6.352396E+001,0,1
21,2050000000.0,-1.589515E+001,-9.126493E+001,0,1
22,2100000000.0,-1.553827E+001,-1.233232E+002,0,1
23,2150000000.0,-1.580180E+001,-1.533884E+002,0,1
24,2200000000.0,-1.645005E+001, 1.779304E+002,0,1
25,2250000000.0,-1.694956E+001, 1.499024E+002,0,1
26,2300000000.0,-1.695248E+001, 1.206528E+002,0,1
27,2350000000.0,-1.782315E+001, 9.478370E+001,0,1
28,2400000000.0,-1.797061E+001, 6.427670E+001,0,1
29,2450000000.0,-1.917620E+001, 3.875676E+001,0,1
30,2500000000.0,-1.942429E+001, 1.456990E+001,0,1
31,2550000000.0,-1.943352E+001,-7.956812E+000,0,1
32,2600000000.0,-1.934143E+001,-3.451179E+001,0,1
33,2650000000.0,-1.913013E+001,-6.125062E+001,0,1
34,2700000000.0,-1.954386E+001,-9.101255E+001,0,1
35,2750000000.0,-1.920790E+001,-1.208322E+002,0,1
36,2800000000.0,-2.075152E+001,-1.526487E+002,0,1
37,2850000000.0,-2.266897E+001,-1.781506E+002,0,1
38,2900000000.0,-2.360672E+001, 1.573507E+002,0,1
39,2950000000.0,-2.442612E+001, 1.271598E+002,0,1
40,3000000000.0,-2.771898E+001, 1.104641E+002,0,1
41,3050000000.0,-2.950052E+001, 1.105842E+002,0,1
42,3100000000.0,-2.710760E+001, 1.066097E+002,0,1
43,3150000000.0,-2.569243E+001, 8.150961E+001,0,1
44,3200000000.0,-2.406556E+001, 5.608394E+001,0,1
45,3250000000.0,-2.295704E+001, 2.840057E+001,0,1
46,3300000000.0,-2.220410E+001,-3.903417E+000,0,1
47,3350000000.0,-2.160020E+001,-3.596001E+001,0,1
48,3400000000.0,-2.141631E+001,-7.187814E+001,0,1
49,3450000000.0,-2.188092E+001,-1.098692E+002,0,1
50,3500000000.0,-2.291109E+001,-1.404786E+002,0,1
51,3550000000.0,-2.366306E+001,-1.770884E+002,0,1
52,3600000000.0,-2.560632E+001, 1.506264E+002,0,1
53,3650000000.0,-2.752526E+001, 1.180748E+002,0,1
54,3700000000.0,-2.970578E+001, 9.526951E+001,0,1
55,3750000000.0,-3.256980E+001, 7.233565E+001,0,1
56,3800000000.0,-3.388163E+001, 5.975495E+001,0,1
57,3850000000.0,-3.240250E+001, 3.803149E+001,0,1
58,3900000000.0,-3.213821E+001, 5.628784E+000,0,1
59,3950000000.0,-3.210017E+001,-1.815998E+001,0,1
60,4000000000.0,-3.465329E+001,-5.220631E+001,0,1
61,4050000000.0,-3.664384E+001,-8.047237E+001,0,1
62,4100000000.0,-3.759975E+001,-1.375640E+002,0,1
63,4150000000.0,-4.447788E+001,-1.479592E+002,0,1
64,4200000000.0,-4.614966E+001, 6.953852E+001,0,1
65,4250000000.0,-4.862888E+001,-2.672950E+001,0,1
66,4300000000.0,-3.865691E+001,-5.431668E+001,0,1
67,4350000000.0,-3.610624E+001,-9.971515E+001,0,1
68,4400000000.0,-3.501605E+001,-1.463252E+002,0,1
69,4450000000.0,-3.732310E+001, 1.785398E+002,0,1
70,4500000000.0,-3.582974E+001, 1.647618E+002,0,1
71,4550000000.0,-3.180227E+001, 1.391003E+002,0,1
72,4600000000.0,-3.204718E+001, 9.994579E+001,0,1
73,4650000000.0,-3.146428E+001, 7.238638E+001,0,1
74,4700000000.0,-3.041380E+001, 4.004941E+001,0,1
75,4750000000.0,-2.969378E+001, 1.872588E+000,0,1
76,4800000000.0,-3.052772E+001,-3.212940E+001,0,1
77,4850000000.0,-3.157787E+001,-6.556754E+001,0,1
78,4900000000.0,-3.220509E+001,-8.821377E+001,0,1
79,4950000000.0,-3.358198E+001,-1.206738E+002,0,1
80,5000000000.0,-3.498743E+001,-1.354704E+002,0,1
81,5050000000.0,-3.616916E+001,-1.503730E+002,0,1
82,5100000000.0,-3.336637E+001,-1.724525E+002,0,1
83,5150000000.0,-3.277684E+001, 1.577043E+002,0,1
84,5200000000.0,-3.157373E+001, 1.331567E+002,0,1
85,5250000000.0,-3.109304E+001, 9.824001E+001,0,1
86,5300000000.0,-3.015208E+001, 6.013670E+001,0,1
87,5350000000.0,-2.969590E+001, 2.397904E+001,0,1
88,5400000000.0,-2.970154E+001,-1.723821E+001,0,1
89,5450000000.0,-3.008077E+001,-5.926028E+001,0,1
90,5500000000.0,-3.156174E+001,-1.053920E+002,0,1
91,5550000000.0,-3.379103E+001,-1.358254E+002,0,1
92,5600000000.0,-3.501531E+001,-1.798363E+002,0,1
93,5650000000.0,-3.914902E+001, 1.436436E+002,0,1
94,5700000000.0,-4.443867E+001, 1.024375E+002,0,1
95,5750000000.0,-5.917596E+001, 7.463196E+001,0,1
96,5800000000.0,-4.698864E+001, 1.695312E+002,0,1
97,5850000000.0,-4.150798E+001, 1.191543E+002,0,1
98,5900000000.0,-3.756953E+001, 7.817715E+001,0,1
99,5950000000.0,-3.939891E+001, 2.800541E+001,0,1
100,6000000000.0,-3.721375E+001,-1.572849E+001,0,1
101,6050000000.0,-3.721499E+001,-4.000925E+001,0,1
102,6100000000.0,-3.646684E+001,-8.527306E+001,0,1
103,6150000000.0,-3.547578E+001,-1.241728E+002,0,1
104,6200000000.0,-3.616313E+001,-1.666543E+002,0,1
105,6250000000.0,-3.681075E+001, 1.598076E+002,0,1
106,6300000000.0,-3.865670E+001, 1.152523E+002,0,1
107,6350000000.0,-4.036355E+001, 9.818874E+001,0,1
108,6400000000.0,-4.006136E+001, 6.588448E+001,0,1
109,6450000000.0,-4.018478E+001, 1.021694E+001,0,1
110,6500000000.0,-4.850863E+001,-5.432575E+001,0,1
111,6550000000.0,-5.913492E+001,-2.965109E+001,0,1
112,6600000000.0,-4.660123E+001, 7.005332E+000,0,1
113,6650000000.0,-4.407382E+001,-5.813858E+001,0,1
114,6700000000.0,-4.434116E+001,-1.032616E+002,0,1
115,6750000000.0,-4.171677E+001,-1.334008E+002,0,1
116,6800000000.0,-4.186497E+001,-1.606075E+002,0,1
117,6850000000.0,-4.004944E+001, 1.464963E+002,0,1
118,6900000000.0,-4.104332E+001, 1.101666E+002,0,1
119,6950000000.0,-3.864172E+001, 7.723460E+001,0,1
120,7000000000.0,-3.977674E+001, 1.750240E+001,0,1
121,7050000000.0,-4.157152E+001,-1.717626E+001,0,1
122,7100000000.0,-4.337402E+001,-5.006191E+001,0,1
123,7150000000.0,-4.378876E+001,-8.788889E+001,0,1
124,7200000000.0,-4.305213E+001,-1.234479E+002,0,1
125,7250000000.0,-4.362291E+001,-1.509473E+002,0,1
126,7300000000.0,-4.827750E+001,-1.701312E+002,0,1
127,7350000000.0,-4.077448E+001, 1.630365E+002,0,1
128,7400000000.0,-4.311048E+001, 1.054559E+002,0,1
129,7450000000.0,-4.569533E+001, 1.140506E+002,0,1
130,7500000000.0,-4.450605E+001, 9.855110E+001,0,1
131,7550000000.0,-4.311752E+001, 5.941187E+001,0,1
132,7600000000.0,-4.587197E+001, 4.074215E+001,0,1
133,7650000000.0,-5.092902E+001, 3.330024E+001,0,1
134,7700000000.0,-4.850135E+001, 3.469627E+001,0,1
135,7750000000.0,-4.710023E+001,-2.718449E+000,0,1
136,7800000000.0,-5.707676E+001, 4.505377E+001,0,1
137,7850000000.0,-4.774509E+001, 3.964006E+001,0,1
138,7900000000.0,-4.504060E+001, 3.370917E+001,0,1
139,7950000000.0,-4.325368E+001, 1.037760E+001,0,1
140,8000000000.0,-4.222564E+001, 8.271669E+000,0,1
141,8050000000.0,-4.161836E+001,-1.979460E+001,0,1
142,8100000000.0,-4.096643E+001,-2.923051E+001,0,1
143,8150000000.0,-4.191957E+001,-4.947296E+001,0,1
144,8200000000.0,-4.007246E+001,-6.959441E+001,0,1
145,8250000000.0,-4.345404E+001,-6.776575E+001,0,1
146,8300000000.0,-3.950045E+001,-8.461317E+001,0,1
147,8350000000.0,-4.079750E+001,-9.166821E+001,0,1
148,8400000000.0,-3.930436E+001,-1.130164E+002,0,1
149,8450000000.0,-3.855787E+001,-1.250671E+002,0,1
150,8500000000.0,-3.815334E+001,-1.546105E+002,0,1
151,8550000000.0,-4.064381E+001, 1.737134E+002,0,1
152,8600000000.0,-4.301128E+001, 1.346188E+002,0,1
153,8650000000.0,-6.223655E+001,-1.413675E+002,0,1
154,8700000000.0,-4.992740E+001,-1.586684E+002,0,1
155,8750000000.0,-4.800597E+001,-1.274383E+002,0,1
156,8800000000.0,-4.340910E+001,-1.412133E+002,0,1
157,8850000000.0,-3.969627E+001,-1.674133E+002,0,1
158,8900000000.0,-3.948934E+001, 1.648108E+002,0,1
159,8950000000.0,-4.033620E+001, 1.454183E+002,0,1
160,9000000000.0,-4.077435E+001, 1.181456E+002,0,1
161,9050000000.0,-4.241837E+001, 1.290328E+002,0,1
162,9100000000.0,-4.139246E+001, 1.120740E+002,0,1
163,9150000000.0,-4.143459E+001, 9.798469E+001,0,1
164,9200000000.0,-4.199142E+001, 8.922221E+001,0,1
165,9250000000.0,-4.198950E+001, 6.902917E+001,0,1
166,9300000000.0,-4.298103E+001, 4.910784E+001,0,1
167,9350000000.0,-4.354800E+001, 4.528971E+001,0,1
168,9400000000.0,-4.393178E+001, 3.821085E+001,0,1
169,9450000000.0,-4.511398E+001, 2.649133E+001,0,1
170,9500000000.0,-4.461300E+001, 7.527114E+000,0,1
171,9550000000.0,-4.459941E+001,-1.318183E+001,0,1
172,9600000000.0,-5.440315E+001,-3.226851E+001,0,1
173,9650000000.0,-5.101112E+001, 1.229823E+001,0,1
174,9700000000.0,-5.095508E+001,-1.679598E+001,0,1
175,9750000000.0,-6.330711E+001, 4.063612E+001,0,1
176,9800000000.0,-4.762119E+001, 4.072100E+001,0,1
177,9850000000.0,-4.412370E+001, 4.979412E+000,0,1
178,9900000000.0,-4.523195E+001,-2.153277E+001,0,1
179,9950000000.0,-4.514674E+001,-6.298590E+001,0,1
180,10000000000.0,-5.091357E+001,-5.654948E+001,0,1
181,10050000000.0,-4.958566E+001,-3.333572E+001,0,1
182,10100000000.0,-4.734773E+001,-4.618007E+001,0,1
183,10150000000.0,-5.057051E+001,-7.774769E+001,0,1
184,10200000000.0,-4.544746E+001,-5.693694E+001,0,1
185,10250000000.0,-4.482119E+001,-8.093548E+001,0,1
186,10300000000.0,-4.345412E+001,-1.106205E+002,0,1
187,10350000000.0,-4.640812E+001,-1.518855E+002,0,1
188,10400000000.0,-4.976640E+001,-1.556590E+002,0,1
189,10450000000.0,-5.314308E+001,-1.724782E+002,0,1
190,10500000000.0,-5.480084E+001,-1.694891E+002,0,1
191,10550000000.0,-5.654742E+001,-1.173852E+002,0,1
192,10600000000.0,-4.908216E+001,-1.558099E+002,0,1
193,10650000000.0,-5.268316E+001, 1.766439E+002,0,1
194,10700000000.0,-5.418228E+001, 1.715771E+002,0,1
195,10750000000.0,-5.460067E+001, 1.551590E+002,0,1
196,10800000000.0,-6.164817E+001,-1.611395E+002,0,1
197,10850000000.0,-5.666487E+001,-1.666832E+002,0,1
198,10900000000.0,-5.002050E+001,-1.754190E+002,0,1
199,10950000000.0,-5.069779E+001, 1.600473E+002,0,1
200,11000000000.0,-4.598073E+001, 1.405907E+002,0,1
0,1000000000.0,-1.126099E+001, 9.218853E+001,1,1
1,1050000000.0,-1.041596E+001, 5.511921E+001,1,1
2,1100000000.0,-1.017941E+001, 2.294794E+001,1,1
3,1150000000.0,-1.015189E+001,-6.538858E+000,1,1
4,1200000000.0,-1.059669E+001,-4.553031E+001,1,1
5,1250000000.0,-1.089727E+001,-7.075033E+001,1,1
6,1300000000.0,-1.129452E+001,-1.020621E+002,1,1
7,1350000000.0,-1.257651E+001,-1.263047E+002,1,1
8,1400000000.0,-1.284874E+001,-1.558963E+002,1,1
9,1450000000.0,-1.380118E+001,-1.785627E+002,1,1
10,1500000000.0,-1.368897E+001, 1.514545E+002,1,1
11,1550000000.0,-1.451847E+001, 1.265970E+002,1,1
12,1600000000.0,-1.645132E+001, 9.940536E+001,1,1
13,1650000000.0,-1.712773E+001, 7.270974E+001,1,1
14,1700000000.0,-2.043897E+001, 4.946742E+001,1,1
15,1750000000.0,-2.149586E+001, 3.596433E+001,1,1
16,1800000000.0,-2.231500E+001, 4.870833E+001,1,1
17,1850000000.0,-1.775109E+001, 2.986729E+001,1,1
18,1900000000.0,-1.561153E+001,-1.892915E+000,1,1
19,1950000000.0,-1.608716E+001,-3.666857E+001,1,1
20,2000000000.0,-1.663664E+001,-6.379912E+001,1,1
21,2050000000.0,-1.581966E+001,-9.166874E+001,1,1
22,2100000000.0,-1.559829E+001,-1.239912E+002,1,1
23,2150000000.0,-1.597766E+001,-1.529173E+002,1,1
24,2200000000.0,-1.630584E+001, 1.783408E+002,1,1
25,2250000000.0,-1.685600E+001, 1.504777E+002,1,1
26,2300000000.0,-1.686444E+001, 1.194551E+002,1,1
27,2350000000.0,-1.804336E+001, 9.530509E+001,1,1
28,2400000000.0,-1.809858E+001, 6.515421E+001,1,1
29,2450000000.0,-1.903596E+001, 3.936633E+001,1,1
30,2500000000.0,-1.933220E+001, 1.392458E+001,1,1
31,2550000000.0,-1.942770E+001,-8.594855E+000,1,1
32,2600000000.0,-1.933534E+001,-3.398817E+001,1,1
33,2650000000.0,-1.903295E+001,-6.140621E+001,1,1
34,2700000000.0,-1.948753E+001,-9.078063E+001,1,1
35,2750000000.0,-1.930695E+001,-1.210817E+002,1,1
36,2800000000.0,-2.084913E+001,-1.523694E+002,1,1
37,2850000000.0,-2.277321E+001,-1.772780E+002,1,1
38,2900000000.0,-2.361406E+001, 1.569789E+002,1,1
39,2950000000.0,-2.446251E+001, 1.266754E+002,1,1
40,3000000000.0,-2.779255E+001, 1.111943E+002,1,1
41,3050000000.0,-2.908286E+001, 1.092361E+002,1,1
42,3100000000.0,-2.713247E+001, 1.067249E+002,1,1
43,3150000000.0,-2.564398E+001, 8.096626E+001,1,1
44,3200000000.0,-2.401345E+001, 5.620092E+001,1,1
45,3250000000.0,-2.294663E+001, 2.817846E+001,1,1
46,3300000000.0,-2.221083E+001,-2.938666E+000,1,1
47,3350000000.0,-2.146342E+001,-3.611690E+001,1,1
48,3400000000.0,-2.149235E+001,-7.170366E+001,1,1
49,3450000000.0,-2.185319E+001,-1.099994E+002,1,1
50,3500000000.0,-2.292344E+001,-1.403280E+002,1,1
51,3550000000.0,-2.359960E+001,-1.758187E+002,1,1
52,3600000000.0,-2.565097E+001, 1.475547E+002,1,1
53,3650000000.0,-2.798065E+001, 1.209089E+002,1,1
54,3700000000.0,-2.996107E+001, 9.860217E+001,1,1
55,3750000000.0,-3.225551E+001, 7.295234E+001,1,1
56,3800000000.0,-3.397137E+001, 5.877085E+001,1,1
57,3850000000.0,-3.246456E+001, 4.100390E+001,1,1
58,3900000000.0,-3.153404E+001, 5.583978E+000,1,1
59,3950000000.0,-3.161305E+001,-1.964651E+001,1,1
60,4000000000.0,-3.437003E+001,-6.166385E+001,1,1
61,4050000000.0,-3.747342E+001,-8.830588E+001,1,1
62,4100000000.0,-3.868621E+001,-1.349050E+002,1,1
63,4150000000.0,-4.579588E+001,-1.461927E+002,1,1
64,4200000000.0,-4.725480E+001, 7.870580E+001,1,1
65,4250000000.0,-4.951004E+001,-2.321073E+001,1,1
66,4300000000.0,-3.885170E+001,-5.044495E+001,1,1
67,4350000000.0,-3.626473E+001,-9.810723E+001,1,1
68,4400000000.0,-3.504494E+001,-1.465893E+002,1,1
69,4450000000.0,-3.675690E+001, 1.795239E+002,1,1
70,4500000000.0,-3.523392E+001, 1.650148E+002,1,1
71,4550000000.0,-3.136464E+001, 1.383304E+002,1,1
72,4600000000.0,-3.172381E+001, 9.616349E+001,1,1
73,4650000000.0,-3.173381E+001, 7.101145E+001,1,1
74,4700000000.0,-3.028537E+001, 3.733030E+001,1,1
75,4750000000.0,-2.989050E+001,-2.385002E+000,1,1
76,4800000000.0,-3.126378E+001,-3.415186E+001,1,1
77,4850000000.0,-3.222449E+001,-6.313763E+001,1,1
78,4900000000.0,-3.269406E+001,-8.635905E+001,1,1
79,4950000000.0,-3.342674E+001,-1.146665E+002,1,1
80,5000000000.0,-3.460772E+001,-1.342171E+002,1,1
81,5050000000.0,-3.558141E+001,-1.520069E+002,1,1
82,5100000000.0,-3.326850E+001,-1.744098E+002,1,1
83,5150000000.0,-3.252769E+001, 1.587256E+002,1,1
84,5200000000.0,-3.143597E+001, 1.322382E+002,1,1
85,5250000000.0,-3.082352E+001, 9.752937E+001,1,1
86,5300000000.0,-2.982073E+001, 5.948393E+001,1,1
87,5350000000.0,-2.964164E+001, 2.089210E+001,1,1
88,5400000000.0,-2.970207E+001,-1.977332E+001,1,1
89,5450000000.0,-3.047261E+001,-6.193168E+001,1,1
90,5500000000.0,-3.212345E+001,-1.043701E+002,1,1
91,5550000000.0,-3.416874E+001,-1.368868E+002,1,1
92,5600000000.0,-3.570230E+001,-1.785559E+002,1,1
93,5650000000.0,-3.948470E+001, 1.473584E+002,1,1
94,5700000000.0,-4.382748E+001, 1.127601E+002,1,1
95,5750000000.0,-5.467131E+001, 1.022194E+002,1,1
96,5800000000.0,-4.702176E+001, 1.701075E+002,1,1
97,5850000000.0,-4.119540E+001, 1.157408E+002,1,1
98,5900000000.0,-3.781526E+001, 7.873856E+001,1,1
99,5950000000.0,-3.860635E+001, 2.639921E+001,1,1
100,6000000000.0,-3.731041E+001,-1.902794E+001,1,1
101,6050000000.0,-3.758537E+001,-4.352710E+001,1,1
102,6100000000.0,-3.706579E+001,-8.430798E+001,1,1
103,6150000000.0,-3.565881E+001,-1.234853E+002,1,1
104,6200000000.0,-3.609237E+001,-1.642659E+002,1,1
105,6250000000.0,-3.730688E+001, 1.593738E+002,1,1
106,6300000000.0,-3.918492E+001, 1.162065E+002,1,1
107,6350000000.0,-4.092760E+001, 1.077286E+002,1,1
108,6400000000.0,-3.886696E+001, 7.250822E+001,1,1
109,6450000000.0,-3.926320E+001, 1.217475E+001,1,1
110,6500000000.0,-4.798801E+001,-3.859414E+001,1,1
111,6550000000.0,-5.155684E+001,-3.463969E+001,1,1
112,6600000000.0,-4.785142E+001,-1.738063E+001,1,1
113,6650000000.0,-4.500167E+001,-6.914877E+001,1,1
114,6700000000.0,-4.629068E+001,-1.136472E+002,1,1
115,6750000000.0,-4.297134E+001,-1.323832E+002,1,1
116,6800000000.0,-4.317039E+001,-1.577638E+002,1,1
117,6850000000.0,-4.114421E+001, 1.466643E+002,1,1
118,6900000000.0,-4.188260E+001, 1.186618E+002,1,1
119,6950000000.0,-3.910962E+001, 8.233427E+001,1,1
120,7000000000.0,-4.015566E+001, 2.224940E+001,1,1
121,7050000000.0,-4.121656E+001,-1.014409E+001,1,1
122,7100000000.0,-4.301811E+001,-5.379205E+001,1,1
123,7150000000.0,-4.409285E+001,-7.463987E+001,1,1
124,7200000000.0,-4.226680E+001,-1.194266E+002,1,1
125,7250000000.0,-4.363605E+001,-1.577974E+002,1,1
126,7300000000.0,-4.631616E+001,-1.647246E+002,1,1
127,7350000000.0,-4.058745E+001, 1.570767E+002,1,1
128,7400000000.0,-4.368307E+001, 1.078762E+002,1,1
129,7450000000.0,-4.497456E+001, 1.181412E+002,1,1
130,7500000000.0,-4.316023E+001, 9.026282E+001,1,1
131,7550000000.0,-4.335339E+001, 5.419074E+001,1,1
132,7600000000.0,-4.584635E+001, 2.779123E+001,1,1
133,7650000000.0,-5.550089E+001, 4.758590E+001,1,1
134,7700000000.0,-4.831955E+001, 3.739701E+001,1,1
135,7750000000.0,-4.904257E+001,-1.677535E+001,1,1
136,7800000000.0,-5.178208E+001, 8.537444E+001,1,1
137,7850000000.0,-4.584087E+001, 3.837101E+001,1,1
138,7900000000.0,-4.305284E+001, 2.040272E+001,1,1
139,7950000000.0,-4.413105E+001,-6.457911E+000,1,1
140,8000000000.0,-4.322415E+001, 7.924730E+000,1,1
141,8050000000.0,-4.338491E+001,-1.393475E+001,1,1
142,8100000000.0,-4.101410E+001,-2.428212E+001,1,1
143,8150000000.0,-4.149194E+001,-4.735310E+001,1,1
144,8200000000.0,-3.991233E+001,-6.598415E+001,1,1
145,8250000000.0,-4.265210E+001,-6.300494E+001,1,1
146,8300000000.0,-3.901876E+001,-8.669988E+001,1,1
147,8350000000.0,-4.033245E+001,-9.282583E+001,1,1
148,8400000000.0,-3.934381E+001,-1.181819E+002,1,1
149,8450000000.0,-3.920065E+001,-1.309863E+002,1,1
150,8500000000.0,-3.921659E+001,-1.531499E+002,1,1
151,8550000000.0,-4.121825E+001, 1.769118E+002,1,1
152,8600000000.0,-4.502003E+001, 1.448926E+002,1,1
153,8650000000.0,-5.411884E+001,-1.686587E+002,1,1
154,8700000000.0,-4.909243E+001,-1.690532E+002,1,1
155,8750000000.0,-4.821260E+001,-1.316235E+002,1,1
156,8800000000.0,-4.353070E+001,-1.463533E+002,1,1
157,8850000000.0,-4.014606E+001,-1.701629E+002,1,1
158,8900000000.0,-4.080975E+001, 1.684940E+002,1,1
159,8950000000.0,-3.933149E+001, 1.485994E+002,1,1
160,9000000000.0,-4.074028E+001, 1.229263E+002,1,1
161,9050000000.0,-4.140789E+001, 1.255425E+002,1,1
162,9100000000.0,-4.101574E+001, 1.122736E+002,1,1
163,9150000000.0,-4.129882E+001, 8.875794E+001,1,1
164,9200000000.0,-4.206898E+001, 8.801540E+001,1,1
165,9250000000.0,-4.325757E+001, 6.650986E+001,1,1
166,9300000000.0,-4.276682E+001, 5.863173E+001,1,1
167,9350000000.0,-4.278329E+001, 5.728969E+001,1,1
168,9400000000.0,-4.148249E+001, 3.039302E+001,1,1
169,9450000000.0,-4.572069E+001, 1.537178E+001,1,1
170,9500000000.0,-4.622931E+001,-5.320105E+000,1,1
171,9550000000.0,-4.706331E+001, 1.278615E+000,1,1
172,9600000000.0,-5.251757E+001,-1.485837E+001,1,1
173,9650000000.0,-4.848805E+001, 1.787561E+001,1,1
174,9700000000.0,-5.109245E+001,-2.895820E+001,1,1
175,9750000000.0,-5.661395E+001, 1.453727E+001,1,1
176,9800000000.0,-4.975123E+001, 4.107198E+001,1,1
177,9850000000.0,-4.474611E+001,-6.044542E-001,1,1
178,9900000000.0,-4.584828E+001,-1.587769E+001,1,1
179,9950000000.0,-4.553175E+001,-5.650750E+001,1,1
180,10000000000.0,-4.914627E+001,-3.794534E+001,1,1
181,10050000000.0,-4.820242E+001,-5.048751E+001,1,1
182,10100000000.0,-4.822343E+001,-5.653574E+001,1,1
183,10150000000.0,-5.211829E+001,-7.371674E+001,1,1
184,10200000000.0,-4.544556E+001,-5.764637E+001,1,1
185,10250000000.0,-4.373388E+001,-8.291744E+001,1,1
186,10300000000.0,-4.356942E+001,-1.122375E+002,1,1
187,10350000000.0,-4.643250E+001,-1.488615E+002,1,1
188,10400000000.0,-4.872315E+001,-1.520565E+002,1,1
189,10450000000.0,-5.206432E+001,-1.775269E+002,1,1
190,10500000000.0,-5.525123E+001,-1.629524E+002,1,1
191,10550000000.0,-5.598749E+001,-1.059636E+002,1,1
192,10600000000.0,-4.878385E+001,-1.561124E+002,1,1
193,10650000000.0,-5.238258E+001,-1.784572E+002,1,1
194,10700000000.0,-5.339611E+001, 1.745683E+002,1,1
195,10750000000.0,-5.671800E+001, 1.551269E+002,1,1
196,10800000000.0,-5.877617E+001, 1.605372E+002,1,1
197,10850000000.0,-5.584374E+001,-1.539159E+002,1,1
198,10900000000.0,-5.087368E+001,-1.784129E+002,1,1
199,10950000000.0,-5.006811E+001, 1.726231E+002,1,1
200,11000000000.0,-4.627719E+001, 1.413027E+002,1,1
0,1000000000.0,-1.131083E+001, 9.206420E+001,2,1
1,1050000000.0,-1.050045E+001, 5.546830E+001,2,1
2,1100000000.0,-1.016710E+001, 2.321577E+001,2,1
3,1150000000.0,-1.005162E+001,-7.121979E+000,2,1
4,1200000000.0,-1.066802E+001,-4.609819E+001,2,1
5,1250000000.0,-1.095624E+001,-7.084015E+001,2,1
6,1300000000.0,-1.127253E+001,-1.017404E+002,2,1
7,1350000000.0,-1.256553E+001,-1.264179E+002,2,1
8,1400000000.0,-1.293000E+001,-1.559003E+002,2,1
9,1450000000.0,-1.379723E+001,-1.786536E+002,2,1
10,1500000000.0,-1.367977E+001, 1.513196E+002,2,1
11,1550000000.0,-1.445983E+001, 1.265390E+002,2,1
12,1600000000.0,-1.638287E+001, 9.963791E+001,2,1
13,1650000000.0,-1.716051E+001, 7.126008E+001,2,1
14,1700000000.0,-2.059120E+001, 5.077864E+001,2,1
15,1750000000.0,-2.182687E+001, 3.637323E+001,2,1
16,1800000000.0,-2.199409E+001, 4.916547E+001,2,1
17,1850000000.0,-1.780026E+001, 2.964207E+001,2,1
18,1900000000.0,-1.572847E+001,-2.469512E+000,2,1
19,1950000000.0,-1.623810E+001,-3.606308E+001,2,1
20,2000000000.0,-1.648113E+001,-6.423634E+001,2,1
21,2050000000.0,-1.576949E+001,-9.189406E+001,2,1
22,2100000000.0,-1.562746E+001,-1.245290E+002,2,1
23,2150000000.0,-1.614371E+001,-1.521367E+002,2,1
24,2200000000.0,-1.618665E+001, 1.786504E+002,2,1
25,2250000000.0,-1.679837E+001, 1.506075E+002,2,1
26,2300000000.0,-1.682478E+001, 1.184212E+002,2,1
27,2350000000.0,-1.823340E+001, 9.602930E+001,2,1
28,2400000000.0,-1.822722E+001, 6.621429E+001,2,1
29,2450000000.0,-1.887114E+001, 3.944265E+001,2,1
30,2500000000.0,-1.925257E+001, 1.352065E+001,2,1
31,2550000000.0,-1.943731E+001,-8.663920E+000,2,1
32,2600000000.0,-1.925312E+001,-3.370427E+001,2,1
33,2650000000.0,-1.896679E+001,-6.208115E+001,2,1
34,2700000000.0,-1.948858E+001,-9.091020E+001,2,1
35,2750000000.0,-1.944895E+001,-1.209981E+002,2,1
36,2800000000.0,-2.089198E+001,-1.521687E+002,2,1
37,2850000000.0,-2.282353E+001,-1.768858E+002,2,1
38,2900000000.0,-2.362420E+001, 1.565868E+002,2,1
39,2950000000.0,-2.454741E+001, 1.267142E+002,2,1
40,3000000000.0,-2.781920E+001, 1.122640E+002,2,1
41,3050000000.0,-2.884908E+001, 1.079541E+002,2,1
42,3100000000.0,-2.734673E+001, 1.062875E+002,2,1
43,3150000000.0,-2.559687E+001, 8.086220E+001,2,1
44,3200000000.0,-2.391749E+001, 5.620333E+001,2,1
45,3250000000.0,-2.288266E+001, 2.787345E+001,2,1
46,3300000000.0,-2.221743E+001,-2.046517E+000,2,1
47,3350000000.0,-2.134170E+001,-3.642238E+001,2,1
48,3400000000.0,-2.158847E+001,-7.156401E+001,2,1
49,3450000000.0,-2.184920E+001,-1.095553E+002,2,1
50,3500000000.0,-2.289829E+001,-1.406152E+002,2,1
51,3550000000.0,-2.360550E+001,-1.751435E+002,2,1
52,3600000000.0,-2.585379E+001, 1.450635E+002,2,1
53,3650000000.0,-2.833152E+001, 1.258860E+002,2,1
54,3700000000.0,-2.996690E+001, 1.007415E+002,2,1
55,3750000000.0,-3.176108E+001, 7.291337E+001,2,1
56,3800000000.0,-3.401331E+001, 5.834424E+001,2,1
57,3850000000.0,-3.252477E+001, 4.421432E+001,2,1
58,3900000000.0,-3.069429E+001, 6.267920E+000,2,1
59,3950000000.0,-3.165569E+001,-2.401919E+001,2,1
60,4000000000.0,-3.423893E+001,-6.891177E+001,2,1
61,4050000000.0,-3.834355E+001,-9.575041E+001,2,1
62,4100000000.0,-4.012079E+001,-1.318346E+002,2,1
63,4150000000.0,-4.748760E+001,-1.610381E+002,2,1
64,4200000000.0,-4.891092E+001, 7.833980E+001,2,1
65,4250000000.0,-4.985324E+001,-3.044756E+001,2,1
66,4300000000.0,-3.962769E+001,-4.890676E+001,2,1
67,4350000000.0,-3.669898E+001,-9.577151E+001,2,1
68,4400000000.0,-3.501829E+001,-1.459837E+002,2,1
69,4450000000.0,-3.621921E+001,-1.791505E+002,2,1
70,4500000000.0,-3.464271E+001, 1.646709E+002,2,1
71,4550000000.0,-3.124100E+001, 1.363156E+002,2,1
72,4600000000.0,-3.144338E+001, 9.300853E+001,2,1
73,4650000000.0,-3.181350E+001, 6.946397E+001,2,1
74,4700000000.0,-3.031494E+001, 3.388957E+001,2,1
75,4750000000.0,-3.058776E+001,-5.120148E+000,2,1
76,4800000000.0,-3.224238E+001,-3.384068E+001,2,1
77,4850000000.0,-3.262410E+001,-5.845672E+001,2,1
78,4900000000.0,-3.285701E+001,-8.307299E+001,2,1
79,4950000000.0,-3.292851E+001,-1.101393E+002,2,1
80,5000000000.0,-3.422377E+001,-1.347242E+002,2,1
81,5050000000.0,-3.493081E+001,-1.537971E+002,2,1
82,5100000000.0,-3.310403E+001,-1.755701E+002,2,1
83,5150000000.0,-3.235029E+001, 1.572453E+002,2,1
84,5200000000.0,-3.149477E+001, 1.300933E+002,2,1
85,5250000000.0,-3.085362E+001, 9.679423E+001,2,1
86,5300000000.0,-2.959820E+001, 5.966597E+001,2,1
87,5350000000.0,-2.976567E+001, 1.774044E+001,2,1
88,5400000000.0,-2.988651E+001,-2.115394E+001,2,1
89,5450000000.0,-3.092698E+001,-6.352599E+001,2,1
90,5500000000.0,-3.252503E+001,-1.030030E+002,2,1
91,5550000000.0,-3.445682E+001,-1.389814E+002,2,1
92,5600000000.0,-3.666504E+001,-1.751807E+002,2,1
93,5650000000.0,-3.919526E+001, 1.513735E+002,2,1
94,5700000000.0,-4.305435E+001, 1.180668E+002,2,1
95,5750000000.0,-5.336506E+001, 1.063923E+002,2,1
96,5800000000.0,-4.788660E+001, 1.729211E+002,2,1
97,5850000000.0,-4.037022E+001, 1.177427E+002,2,1
98,5900000000.0,-3.780927E+001, 7.666847E+001,2,1
99,5950000000.0,-3.786991E+001, 2.497214E+001,2,1
100,6000000000.0,-3.731771E+001,-2.148408E+001,2,1
101,6050000000.0,-3.768782E+001,-4.647388E+001,2,1
102,6100000000.0,-3.719796E+001,-8.233160E+001,2,1
103,6150000000.0,-3.550104E+001,-1.245608E+002,2,1
104,6200000000.0,-3.598715E+001,-1.663016E+002,2,1
105,6250000000.0,-3.827846E+001, 1.551768E+002,2,1
106,6300000000.0,-3.993296E+001, 1.182868E+002,2,1
107,6350000000.0,-4.166357E+001, 1.109349E+002,2,1
108,6400000000.0,-3.852561E+001, 7.668542E+001,2,1
109,6450000000.0,-3.906743E+001, 1.684575E+001,2,1
110,6500000000.0,-4.745222E+001,-1.740256E+001,2,1
111,6550000000.0,-4.622692E+001,-3.352062E+001,2,1
112,6600000000.0,-4.797853E+001,-4.296080E+001,2,1
113,6650000000.0,-4.616218E+001,-8.191793E+001,2,1
114,6700000000.0,-4.825457E+001,-1.237057E+002,2,1
115,6750000000.0,-4.509879E+001,-1.338994E+002,2,1
116,6800000000.0,-4.457248E+001,-1.566027E+002,2,1
117,6850000000.0,-4.216088E+001, 1.520689E+002,2,1
118,6900000000.0,-4.229786E+001, 1.255119E+002,2,1
119,6950000000.0,-4.010973E+001, 8.792297E+001,2,1
120,7000000000.0,-4.019277E+001, 3.320364E+001,2,1
121,7050000000.0,-4.121786E+001,-4.582853E+000,2,1
122,7100000000.0,-4.212593E+001,-4.862181E+001,2,1
123,7150000000.0,-4.253603E+001,-6.571489E+001,2,1
124,7200000000.0,-4.065868E+001,-1.187241E+002,2,1
125,7250000000.0,-4.341713E+001,-1.632461E+002,2,1
126,7300000000.0,-4.422063E+001,-1.768396E+002,2,1
127,7350000000.0,-4.125268E+001, 1.504008E+002,2,1
128,7400000000.0,-4.387439E+001, 1.127860E+002,2,1
129,7450000000.0,-4.507137E+001, 1.138761E+002,2,1
130,7500000000.0,-4.270856E+001, 8.652919E+001,2,1
131,7550000000.0,-4.425085E+001, 5.069421E+001,2,1
132,7600000000.0,-4.709568E+001, 2.256584E+001,2,1
133,7650000000.0,-5.346012E+001, 6.598705E+001,2,1
134,7700000000.0,-4.770200E+001, 3.232426E+001,2,1
135,7750000000.0,-5.340165E+001,-3.253205E+001,2,1
136,7800000000.0,-4.857044E+001, 8.786211E+001,2,1
137,7850000000.0,-4.392463E+001, 3.500096E+001,2,1
138,7900000000.0,-4.262905E+001, 1.036408E+001,2,1
139,7950000000.0,-4.502613E+001,-1.713838E+001,2,1
140,8000000000.0,-4.412809E+001, 1.104084E+001,2,1
141,8050000000.0,-4.417637E+001,-1.415258E+001,2,1
142,8100000000.0,-4.113211E+001,-1.743926E+001,2,1
143,8150000000.0,-4.142315E+001,-4.698074E+001,2,1
144,8200000000.0,-3.949170E+001,-5.849997E+001,2,1
145,8250000000.0,-4.148227E+001,-6.742297E+001,2,1
146,8300000000.0,-3.887233E+001,-8.498737E+001,2,1
147,8350000000.0,-3.997152E+001,-1.044670E+002,2,1
148,8400000000.0,-3.929902E+001,-1.212943E+002,2,1
149,8450000000.0,-4.057076E+001,-1.358987E+002,2,1
150,8500000000.0,-3.974284E+001,-1.504088E+002,2,1
151,8550000000.0,-4.224372E+001,-1.775339E+002,2,1
152,8600000000.0,-4.472395E+001, 1.664606E+002,2,1
153,8650000000.0,-4.985548E+001,-1.769331E+002,2,1
154,8700000000.0,-4.813602E+001, 1.764147E+002,2,1
155,8750000000.0,-4.779956E+001,-1.366028E+002,2,1
156,8800000000.0,-4.557616E+001,-1.524818E+002,2,1
157,8850000000.0,-4.155649E+001,-1.696954E+002,2,1
158,8900000000.0,-4.081833E+001, 1.792944E+002,2,1
159,8950000000.0,-3.893435E+001, 1.488233E+002,2,1
160,9000000000.0,-4.005037E+001, 1.259716E+002,2,1
161,9050000000.0,-4.116724E+001, 1.187300E+002,2,1
162,9100000000.0,-4.054041E+001, 1.085699E+002,2,1
163,9150000000.0,-4.245102E+001, 8.354971E+001,2,1
164,9200000000.0,-4.246506E+001, 8.867828E+001,2,1
165,9250000000.0,-4.380274E+001, 7.526675E+001,2,1
166,9300000000.0,-4.194828E+001, 6.488302E+001,2,1
167,9350000000.0,-4.068227E+001, 5.656911E+001,2,1
168,9400000000.0,-4.116595E+001, 1.924560E+001,2,1
169,9450000000.0,-4.725762E+001, 1.334968E+001,2,1
170,9500000000.0,-4.842730E+001,-6.328987E+000,2,1
171,9550000000.0,-4.706707E+001, 8.234456E+000,2,1
172,9600000000.0,-5.194655E+001, 1.555326E+000,2,1
173,9650000000.0,-4.816254E+001, 3.030166E+000,2,1
174,9700000000.0,-5.037192E+001,-2.456689E+001,2,1
175,9750000000.0,-5.400816E+001,-1.824998E+001,2,1
176,9800000000.0,-5.053932E+001, 4.829421E+001,2,1
177,9850000000.0,-4.682396E+001,-1.777936E+000,2,1
178,9900000000.0,-4.481409E+001,-3.941845E+000,2,1
179,9950000000.0,-4.484913E+001,-4.994155E+001,2,1
180,10000000000.0,-4.712904E+001,-3.888567E+001,2,1
181,10050000000.0,-4.852583E+001,-6.240905E+001,2,1
182,10100000000.0,-4.848345E+001,-6.068336E+001,2,1
183,10150000000.0,-5.294826E+001,-7.032193E+001,2,1
184,10200000000.0,-4.600224E+001,-6.119786E+001,2,1
185,10250000000.0,-4.413424E+001,-8.067847E+001,2,1
186,10300000000.0,-4.339949E+001,-1.114410E+002,2,1
187,10350000000.0,-4.540665E+001,-1.463135E+002,2,1
188,10400000000.0,-4.749208E+001,-1.536665E+002,2,1
189,10450000000.0,-5.163647E+001, 1.797628E+002,2,1
190,10500000000.0,-5.593578E+001,-1.714179E+002,2,1
191,10550000000.0,-5.483299E+001,-1.091947E+002,2,1
192,10600000000.0,-4.934143E+001,-1.583082E+002,2,1
193,10650000000.0,-5.174633E+001,-1.653671E+002,2,1
194,10700000000.0,-5.210179E+001,-1.784122E+002,2,1
195,10750000000.0,-5.370695E+001, 1.625481E+002,2,1
196,10800000000.0,-5.657827E+001, 1.074579E+002,2,1
197,10850000000.0,-5.559427E+001,-1.523213E+002,2,1
198,10900000000.0,-5.159203E+001,-1.624651E+002,2,1
199,10950000000.0,-4.840493E+001, 1.684289E+002,2,1
200,11000000000.0,-4.600778E+001, 1.384617E+002,2,1
0,1000000000.0,-1.128470E+001, 9.247475E+001,0,2
1,1050000000.0,-1.032397E+001, 5.450191E+001,0,2
2,1100000000.0,-1.020943E+001, 2.254413E+001,0,2
3,1150000000.0,-1.025325E+001,-5.724447E+000,0,2
4,1200000000.0,-1.053187E+001,-4.471254E+001,0,2
5,1250000000.0,-1.086041E+001,-7.036827E+001,0,2
6,1300000000.0,-1.130723E+001,-1.023844E+002,0,2
7,1350000000.0,-1.256641E+001,-1.262152E+002,0,2
8,1400000000.0,-1.278840E+001,-1.557063E+002,0,2
9,1450000000.0,-1.376864E+001,-1.786823E+002,0,2
10,1500000000.0,-1.369743E+001, 1.512860E+002,0,2
11,1550000000.0,-1.465456E+001, 1.260712E+002,0,2
12,1600000000.0,-1.655302E+001, 9.887939E+001,0,2
13,1650000000.0,-1.717585E+001, 7.507293E+001,0,2
14,1700000000.0,-1.987845E+001, 4.950065E+001,0,2
15,1750000000.0,-2.140072E+001, 3.171258E+001,0,2
16,1800000000.0,-2.270044E+001, 5.161512E+001,0,2
17,1850000000.0,-1.742412E+001, 3.045774E+001,0,2
18,1900000000.0,-1.546457E+001,-3.793240E+000,0,2
19,1950000000.0,-1.623293E+001,-3.697711E+001,0,2
20,2000000000.0,-1.667401E+001,-6.157719E+001,0,2
21,2050000000.0,-1.574197E+001,-9.147274E+001,0,2
22,2100000000.0,-1.550517E+001,-1.241741E+002,0,2
23,2150000000.0,-1.592528E+001,-1.544025E+002,0,2
24,2200000000.0,-1.654831E+001, 1.778458E+002,0,2
25,2250000000.0,-1.700239E+001, 1.501831E+002,0,2
26,2300000000.0,-1.696830E+001, 1.221776E+002,0,2
27,2350000000.0,-1.747527E+001, 9.454836E+001,0,2
28,2400000000.0,-1.803346E+001, 6.298477E+001,0,2
29,2450000000.0,-1.930764E+001, 3.945040E+001,0,2
30,2500000000.0,-1.941808E+001, 1.476022E+001,0,2
31,2550000000.0,-1.933279E+001,-8.037372E+000,0,2
32,2600000000.0,-1.933731E+001,-3.424783E+001,0,2
33,2650000000.0,-1.915111E+001,-6.214386E+001,0,2
34,2700000000.0,-1.966543E+001,-9.075331E+001,0,2
35,2750000000.0,-1.932637E+001,-1.199863E+002,0,2
36,2800000000.0,-2.062892E+001,-1.519651E+002,0,2
37,2850000000.0,-2.254003E+001,-1.786059E+002,0,2
38,2900000000.0,-2.360059E+001, 1.569720E+002,0,2
39,2950000000.0,-2.458286E+001, 1.272898E+002,0,2
40,3000000000.0,-2.755735E+001, 1.102537E+002,0,2
41,3050000000.0,-2.953125E+001, 1.124183E+002,0,2
42,3100000000.0,-2.674508E+001, 1.051919E+002,0,2
43,3150000000.0,-2.564459E+001, 8.099303E+001,0,2
44,3200000000.0,-2.433850E+001, 5.492985E+001,0,2
45,3250000000.0,-2.314060E+001, 3.044483E+001,0,2
46,3300000000.0,-2.204102E+001,-2.623896E+000,0,2
47,3350000000.0,-2.148331E+001,-3.641074E+001,0,2
48,3400000000.0,-2.143438E+001,-7.282734E+001,0,2
49,3450000000.0,-2.206316E+001,-1.090746E+002,0,2
50,3500000000.0,-2.277649E+001,-1.406310E+002,0,2
51,3550000000.0,-2.385417E+001,-1.764329E+002,0,2
52,3600000000.0,-2.521143E+001, 1.534282E+002,0,2
53,3650000000.0,-2.713380E+001, 1.162085E+002,0,2
54,3700000000.0,-2.942496E+001, 9.164260E+001,0,2
55,3750000000.0,-3.364682E+001, 6.868881E+001,0,2
56,3800000000.0,-3.429028E+001, 6.391468E+001,0,2
57,3850000000.0,-3.253149E+001, 4.061239E+001,0,2
58,3900000000.0,-3.206745E+001, 7.848220E+000,0,2
59,3950000000.0,-3.241808E+001,-1.969912E+001,0,2
60,4000000000.0,-3.539973E+001,-4.681872E+001,0,2
61,4050000000.0,-3.615681E+001,-7.511217E+001,0,2
62,4100000000.0,-3.727887E+001,-1.346882E+002,0,2
63,4150000000.0,-4.085645E+001,-1.468374E+002,0,2
64,4200000000.0,-4.467357E+001, 7.015088E+001,0,2
65,4250000000.0,-4.719833E+001, 1.360528E+000,0,2
66,4300000000.0,-3.812131E+001,-5.836897E+001,0,2
67,4350000000.0,-3.699333E+001,-1.074568E+002,0,2
68,4400000000.0,-3.587843E+001,-1.388688E+002,0,2
69,4450000000.0,-3.703204E+001,-1.704266E+002,0,2
70,4500000000.0,-3.471664E+001, 1.667635E+002,0,2
71,4550000000.0,-3.145893E+001, 1.384668E+002,0,2
72,4600000000.0,-3.145033E+001, 9.894291E+001,0,2
73,4650000000.0,-3.113665E+001, 6.612755E+001,0,2
74,4700000000.0,-3.096471E+001, 3.753541E+001,0,2
75,4750000000.0,-2.995029E+001, 2.550715E+000,0,2
76,4800000000.0,-3.059680E+001,-3.124866E+001,0,2
77,4850000000.0,-3.160883E+001,-6.431166E+001,0,2
78,4900000000.0,-3.214806E+001,-9.142860E+001,0,2
79,4950000000.0,-3.444191E+001,-1.230097E+002,0,2
80,5000000000.0,-3.540553E+001,-1.297515E+002,0,2
81,5050000000.0,-3.553115E+001,-1.461003E+002,0,2
82,5100000000.0,-3.324620E+001,-1.701818E+002,0,2
83,5150000000.0,-3.246834E+001, 1.600267E+002,0,2
84,5200000000.0,-3.117090E+001, 1.305038E+002,0,2
85,5250000000.0,-3.122786E+001, 9.776252E+001,0,2
86,5300000000.0,-2.999951E+001, 6.035558E+001,0,2
87,5350000000.0,-2.930700E+001, 2.241708E+001,0,2
88,5400000000.0,-2.995016E+001,-2.099162E+001,0,2
89,5450000000.0,-3.072547E+001,-6.075677E+001,0,2
90,5500000000.0,-3.181376E+001,-1.003475E+002,0,2
91,5550000000.0,-3.305191E+001,-1.367398E+002,0,2
92,5600000000.0,-3.455790E+001, 1.758156E+002,0,2
93,5650000000.0,-3.831141E+001, 1.282205E+002,0,2
94,5700000000.0,-4.737995E+001, 8.133170E+001,0,2
95,5750000000.0,-5.047605E+001,-1.233436E+002,0,2
96,5800000000.0,-4.321122E+001, 1.542217E+002,0,2
97,5850000000.0,-4.110338E+001, 1.105305E+002,0,2
98,5900000000.0,-3.780702E+001, 7.788570E+001,0,2
99,5950000000.0,-4.049891E+001, 3.007277E+001,0,2
100,6000000000.0,-3.673228E+001,-5.757853E+000,0,2
101,6050000000.0,-3.574110E+001,-4.044062E+001,0,2
102,6100000000.0,-3.510043E+001,-9.564428E+001,0,2
103,6150000000.0,-3.597541E+001,-1.314150E+002,0,2
104,6200000000.0,-3.728239E+001,-1.745531E+002,0,2
105,6250000000.0,-3.831936E+001, 1.611304E+002,0,2
106,6300000000.0,-3.851932E+001, 1.255485E+002,0,2
107,6350000000.0,-3.826183E+001, 9.615053E+001,0,2
108,6400000000.0,-3.888513E+001, 5.188409E+001,0,2
109,6450000000.0,-4.192957E+001,-1.775538E+001,0,2
110,6500000000.0,-6.005023E+001,-1.143510E+002,0,2
111,6550000000.0,-4.906797E+001, 8.929474E+000,0,2
112,6600000000.0,-4.624091E+001,-1.543830E+001,0,2
113,6650000000.0,-4.557936E+001,-6.293576E+001,0,2
114,6700000000.0,-4.472346E+001,-8.408985E+001,0,2
115,6750000000.0,-4.127221E+001,-1.322080E+002,0,2
116,6800000000.0,-4.006041E+001,-1.577514E+002,0,2
117,6850000000.0,-3.944659E+001, 1.469220E+002,0,2
118,6900000000.0,-4.045843E+001, 1.065328E+002,0,2
119,6950000000.0,-3.887143E+001, 6.376049E+001,0,2
120,7000000000.0,-4.125598E+001, 2.621327E+001,0,2
121,7050000000.0,-4.084507E+001,-1.210099E+001,0,2
122,7100000000.0,-4.211375E+001,-5.792029E+001,0,2
123,7150000000.0,-4.373900E+001,-8.088084E+001,0,2
124,7200000000.0,-4.240537E+001,-1.354692E+002,0,2
125,7250000000.0,-4.611786E+001,-1.645714E+002,0,2
126,7300000000.0,-4.785954E+001,-1.577967E+002,0,2
127,7350000000.0,-4.144924E+001, 1.594785E+002,0,2
128,7400000000.0,-4.544622E+001, 1.182898E+002,0,2
129,7450000000.0,-4.581338E+001, 1.014529E+002,0,2
130,7500000000.0,-4.593700E+001, 9.945017E+001,0,2
131,7550000000.0,-4.436505E+001, 7.891954E+001,0,2
132,7600000000.0,-4.361810E+001, 5.347112E+001,0,2
133,7650000000.0,-4.479012E+001, 1.423463E+001,0,2
134,7700000000.0,-4.823921E+001,-5.271966E+000,0,2
135,7750000000.0,-5.980980E+001,-1.477530E+001,0,2
136,7800000000.0,-4.738144E+001, 5.882918E+001,0,2
137,7850000000.0,-4.921056E+001, 4.683215E+000,0,2
138,7900000000.0,-4.646378E+001, 6.511916E+001,0,2
139,7950000000.0,-4.103716E+001, 1.618892E+001,0,2
140,8000000000.0,-4.122654E+001,-3.195657E+000,0,2
141,8050000000.0,-4.233851E+001,-2.735532E+001,0,2
142,8100000000.0,-4.144109E+001,-3.943901E+001,0,2
143,8150000000.0,-4.295772E+001,-5.137658E+001,0,2
144,8200000000.0,-4.034587E+001,-5.584765E+001,0,2
145,8250000000.0,-4.142694E+001,-6.723682E+001,0,2
146,8300000000.0,-3.928909E+001,-9.178932E+001,0,2
147,8350000000.0,-4.154325E+001,-9.711367E+001,0,2
148,8400000000.0,-4.002746E+001,-1.023766E+002,0,2
149,8450000000.0,-3.764018E+001,-1.270222E+002,0,2
150,8500000000.0,-3.818788E+001,-1.630110E+002,0,2
151,8550000000.0,-4.369797E+001,-1.727518E+002,0,2
152,8600000000.0,-4.261080E+001, 1.552390E+002,0,2
153,8650000000.0,-5.038563E+001, 1.170102E+002,0,2
154,8700000000.0,-5.143001E+001,-1.147054E+002,0,2
155,8750000000.0,-4.697162E+001,-1.446753E+002,0,2
156,8800000000.0,-4.278164E+001,-1.359684E+002,0,2
157,8850000000.0,-3.866218E+001,-1.710112E+002,0,2
158,8900000000.0,-4.063424E+001, 1.566956E+002,0,2
159,8950000000.0,-4.021069E+001, 1.518025E+002,0,2
160,9000000000.0,-4.070243E+001, 1.227510E+002,0,2
161,9050000000.0,-4.136143E+001, 1.179491E+002,0,2
162,9100000000.0,-4.285827E+001, 1.064728E+002,0,2
163,9150000000.0,-4.236543E+001, 1.058625E+002,0,2
164,9200000000.0,-4.179415E+001, 9.643534E+001,0,2
165,9250000000.0,-4.076086E+001, 7.755205E+001,0,2
166,9300000000.0,-4.160609E+001, 4.441298E+001,0,2
167,9350000000.0,-4.447248E+001, 3.696750E+001,0,2
168,9400000000.0,-4.491461E+001, 3.116918E+001,0,2
169,9450000000.0,-4.396264E+001, 3.704537E+001,0,2
170,9500000000.0,-4.418174E+001, 6.431310E+000,0,2
171,9550000000.0,-4.560484E+001,-2.724859E+001,0,2
172,9600000000.0,-5.310136E+001,-4.335386E+000,0,2
173,9650000000.0,-4.894777E+001, 9.395647E-001,0,2
174,9700000000.0,-5.660628E+001,-6.574261E+000,0,2
175,9750000000.0,-5.322611E+001, 3.076686E+001,0,2
176,9800000000.0,-4.811927E+001, 1.838523E+001,0,2
177,9850000000.0,-4.563458E+001,-2.733449E+000,0,2
178,9900000000.0,-4.736778E+001,-2.245543E+001,0,2
179,9950000000.0,-4.819236E+001,-3.354708E+001,0,2
180,10000000000.0,-4.655264E+001,-4.950566E+001,0,2
181,10050000000.0,-5.152254E+001,-6.371346E+001,0,2
182,10100000000.0,-4.731950E+001,-4.401628E+001,0,2
183,10150000000.0,-4.838404E+001,-5.354598E+001,0,2
184,10200000000.0,-4.496637E+001,-7.102431E+001,0,2
185,10250000000.0,-4.511464E+001,-1.070066E+002,0,2
186,10300000000.0,-4.742989E+001,-1.092451E+002,0,2
187,10350000000.0,-4.923013E+001,-1.255041E+002,0,2
188,10400000000.0,-4.743919E+001,-1.401848E+002,0,2
189,10450000000.0,-5.071402E+001,-1.526384E+002,0,2
190,10500000000.0,-4.962571E+001,-1.781095E+002,0,2
191,10550000000.0,-5.813581E+001,-1.524298E+002,0,2
192,10600000000.0,-5.212553E+001,-1.644758E+002,0,2
193,10650000000.0,-5.615064E+001, 1.726195E+002,0,2
194,10700000000.0,-5.624065E+001, 1.768075E+002,0,2
195,10750000000.0,-5.740019E+001, 1.455929E+002,0,2
196,10800000000.0,-5.168413E+001,-1.327582E+002,0,2
197,10850000000.0,-5.136926E+001, 1.752866E+002,0,2
198,10900000000.0,-4.987147E+001, 1.630772E+002,0,2
199,10950000000.0,-4.866314E+001, 1.550313E+002,0,2
200,11000000000.0,-4.704676E+001, 1.163815E+002,0,2
0,1000000000.0,-1.131026E+001, 9.216797E+001,1,2
1,1050000000.0,-1.040578E+001, 5.487949E+001,1,2
2,1100000000.0,-1.021758E+001, 2.285027E+001,1,2
3,1150000000.0,-1.015400E+001,-6.098969E+000,1,2
4,1200000000.0,-1.059386E+001,-4.541371E+001,1,2
5,1250000000.0,-1.089516E+001,-7.049699E+001,1,2
6,1300000000.0,-1.128694E+001,-1.022023E+002,1,2
7,1350000000.0,-1.257697E+001,-1.262541E+002,1,2
8,1400000000.0,-1.286558E+001,-1.558361E+002,1,2
9,1450000000.0,-1.379054E+001,-1.788762E+002,1,2
10,1500000000.0,-1.369958E+001, 1.510384E+002,1,2
11,1550000000.0,-1.460222E+001, 1.264589E+002,1,2
12,1600000000.0,-1.648266E+001, 9.958121E+001,1,2
13,1650000000.0,-1.715840E+001, 7.374863E+001,1,2
14,1700000000.0,-2.003771E+001, 5.020463E+001,1,2
15,1750000000.0,-2.167279E+001, 3.137163E+001,1,2
16,1800000000.0,-2.233781E+001, 5.264017E+001,1,2
17,1850000000.0,-1.741859E+001, 3.008455E+001,1,2
18,1900000000.0,-1.556543E+001,-4.471727E+000,1,2
19,1950000000.0,-1.637148E+001,-3.669907E+001,1,2
20,2000000000.0,-1.660679E+001,-6.193982E+001,1,2
21,2050000000.0,-1.566705E+001,-9.183071E+001,1,2
22,2100000000.0,-1.556831E+001,-1.246857E+002,1,2
23,2150000000.0,-1.609288E+001,-1.538138E+002,1,2
24,2200000000.0,-1.643363E+001, 1.781005E+002,1,2
25,2250000000.0,-1.686477E+001, 1.508841E+002,1,2
26,2300000000.0,-1.687677E+001, 1.208022E+002,1,2
27,2350000000.0,-1.765815E+001, 9.491236E+001,1,2
28,2400000000.0,-1.819675E+001, 6.364313E+001,1,2
29,2450000000.0,-1.916289E+001, 4.011716E+001,1,2
30,2500000000.0,-1.933546E+001, 1.409442E+001,1,2
31,2550000000.0,-1.934820E+001,-8.610420E+000,1,2
32,2600000000.0,-1.931416E+001,-3.366867E+001,1,2
33,2650000000.0,-1.906287E+001,-6.216486E+001,1,2
34,2700000000.0,-1.957084E+001,-9.073713E+001,1,2
35,2750000000.0,-1.942432E+001,-1.203007E+002,1,2
36,2800000000.0,-2.072478E+001,-1.519444E+002,1,2
37,2850000000.0,-2.271743E+001,-1.776562E+002,1,2
38,2900000000.0,-2.361288E+001, 1.568379E+002,1,2
39,2950000000.0,-2.467644E+001, 1.267753E+002,1,2
40,3000000000.0,-2.766448E+001, 1.111416E+002,1,2
41,3050000000.0,-2.918989E+001, 1.104145E+002,1,2
42,3100000000.0,-2.674747E+001, 1.053555E+002,1,2
43,3150000000.0,-2.563481E+001, 8.053876E+001,1,2
44,3200000000.0,-2.425818E+001, 5.485444E+001,1,2
45,3250000000.0,-2.319278E+001, 2.998205E+001,1,2
46,3300000000.0,-2.202044E+001,-1.543281E+000,1,2
47,3350000000.0,-2.136531E+001,-3.651180E+001,1,2
48,3400000000.0,-2.148233E+001,-7.244989E+001,1,2
49,3450000000.0,-2.203764E+001,-1.096473E+002,1,2
50,3500000000.0,-2.281341E+001,-1.401982E+002,1,2
51,3550000000.0,-2.371606E+001,-1.750195E+002,1,2
52,3600000000.0,-2.531863E+001, 1.507267E+002,1,2
53,3650000000.0,-2.742557E+001, 1.185919E+002,1,2
54,3700000000.0,-2.974508E+001, 9.433447E+001,1,2
55,3750000000.0,-3.337154E+001, 6.984204E+001,1,2
56,3800000000.0,-3.453619E+001, 6.237318E+001,1,2
57,3850000000.0,-3.268834E+001, 4.411561E+001,1,2
58,3900000000.0,-3.156730E+001, 7.212175E+000,1,2
59,3950000000.0,-3.181851E+001,-2.105112E+001,1,2
60,4000000000.0,-3.516367E+001,-5.742934E+001,1,2
61,4050000000.0,-3.723023E+001,-8.026657E+001,1,2
62,4100000000.0,-3.807416E+001,-1.356543E+002,1,2
63,4150000000.0,-4.203005E+001,-1.433695E+002,1,2
64,4200000000.0,-4.451263E+001, 7.654198E+001,1,2
65,4250000000.0,-4.748425E+001, 6.988492E+000,1,2
66,4300000000.0,-3.835123E+001,-5.581277E+001,1,2
67,4350000000.0,-3.738791E+001,-1.051258E+002,1,2
68,4400000000.0,-3.596132E+001,-1.385946E+002,1,2
69,4450000000.0,-3.648330E+001,-1.708938E+002,1,2
70,4500000000.0,-3.442197E+001, 1.651671E+002,1,2
71,4550000000.0,-3.104772E+001, 1.376021E+002,1,2
72,4600000000.0,-3.126961E+001, 9.549587E+001,1,2
73,4650000000.0,-3.141626E+001, 6.508004E+001,1,2
74,4700000000.0,-3.070973E+001, 3.657368E+001,1,2
75,4750000000.0,-2.995561E+001,-1.337671E+000,1,2
76,4800000000.0,-3.124791E+001,-3.472914E+001,1,2
77,4850000000.0,-3.220061E+001,-6.280923E+001,1,2
78,4900000000.0,-3.281829E+001,-9.053661E+001,1,2
79,4950000000.0,-3.461451E+001,-1.169379E+002,1,2
80,5000000000.0,-3.490433E+001,-1.259005E+002,1,2
81,5050000000.0,-3.479168E+001,-1.469757E+002,1,2
82,5100000000.0,-3.297050E+001,-1.718914E+002,1,2
83,5150000000.0,-3.206669E+001, 1.595763E+002,1,2
84,5200000000.0,-3.115914E+001, 1.292985E+002,1,2
85,5250000000.0,-3.104593E+001, 9.641267E+001,1,2
86,5300000000.0,-2.971327E+001, 6.010192E+001,1,2
87,5350000000.0,-2.925741E+001, 2.077740E+001,1,2
88,5400000000.0,-2.972338E+001,-2.358970E+001,1,2
89,5450000000.0,-3.104770E+001,-6.387069E+001,1,2
90,5500000000.0,-3.233320E+001,-9.972497E+001,1,2
91,5550000000.0,-3.356571E+001,-1.389212E+002,1,2
92,5600000000.0,-3.526783E+001, 1.760304E+002,1,2
93,5650000000.0,-3.920750E+001, 1.291292E+002,1,2
94,5700000000.0,-4.781063E+001, 1.008273E+002,1,2
95,5750000000.0,-5.082872E+001,-1.496496E+002,1,2
96,5800000000.0,-4.287898E+001, 1.561821E+002,1,2
97,5850000000.0,-4.089027E+001, 1.045454E+002,1,2
98,5900000000.0,-3.794077E+001, 7.736454E+001,1,2
99,5950000000.0,-4.011927E+001, 2.779615E+001,1,2
100,6000000000.0,-3.652282E+001,-6.500593E+000,1,2
101,6050000000.0,-3.599850E+001,-4.411146E+001,1,2
102,6100000000.0,-3.547067E+001,-9.563113E+001,1,2
103,6150000000.0,-3.607825E+001,-1.309679E+002,1,2
104,6200000000.0,-3.739872E+001,-1.723598E+002,1,2
105,6250000000.0,-3.865610E+001, 1.615301E+002,1,2
106,6300000000.0,-3.895879E+001, 1.268184E+002,1,2
107,6350000000.0,-3.882357E+001, 1.020016E+002,1,2
108,6400000000.0,-3.852970E+001, 5.694350E+001,1,2
109,6450000000.0,-4.246202E+001,-1.377248E+001,1,2
110,6500000000.0,-6.021156E+001,-3.055387E+001,1,2
111,6550000000.0,-4.773316E+001, 7.165961E+000,1,2
112,6600000000.0,-4.486002E+001,-3.398825E+001,1,2
113,6650000000.0,-4.542590E+001,-7.976464E+001,1,2
114,6700000000.0,-4.792294E+001,-9.512988E+001,1,2
115,6750000000.0,-4.220932E+001,-1.303792E+002,1,2
116,6800000000.0,-4.088194E+001,-1.571138E+002,1,2
117,6850000000.0,-4.067005E+001, 1.436903E+002,1,2
118,6900000000.0,-4.115353E+001, 1.125678E+002,1,2
119,6950000000.0,-3.955192E+001, 6.949177E+001,1,2
120,7000000000.0,-4.143658E+001, 3.217337E+001,1,2
121,7050000000.0,-4.000852E+001,-7.967868E+000,1,2
122,7100000000.0,-4.250393E+001,-6.198427E+001,1,2
123,7150000000.0,-4.285088E+001,-7.332037E+001,1,2
124,7200000000.0,-4.247835E+001,-1.330027E+002,1,2
125,7250000000.0,-4.648055E+001,-1.617595E+002,1,2
126,7300000000.0,-4.541817E+001,-1.572711E+002,1,2
127,7350000000.0,-4.140464E+001, 1.577721E+002,1,2
128,7400000000.0,-4.501934E+001, 1.157793E+002,1,2
129,7450000000.0,-4.537654E+001, 1.131008E+002,1,2
130,7500000000.0,-4.423102E+001, 8.848517E+001,1,2
131,7550000000.0,-4.366715E+001, 7.013466E+001,1,2
132,7600000000.0,-4.449777E+001, 3.767923E+001,1,2
133,7650000000.0,-4.819852E+001, 1.175217E+001,1,2
134,7700000000.0,-4.991833E+001,-6.859769E+000,1,2
135,7750000000.0,-6.724675E+001, 3.879282E+001,1,2
136,7800000000.0,-4.669732E+001, 6.049485E+001,1,2
137,7850000000.0,-4.768129E+001, 2.171155E+001,1,2
138,7900000000.0,-4.524519E+001, 4.306085E+001,1,2
139,7950000000.0,-4.205509E+001, 6.784242E+000,1,2
140,8000000000.0,-4.221543E+001,-1.111166E+001,1,2
141,8050000000.0,-4.469365E+001,-2.075412E+001,1,2
142,8100000000.0,-4.254434E+001,-3.102107E+001,1,2
143,8150000000.0,-4.237514E+001,-4.298594E+001,1,2
144,8200000000.0,-3.984325E+001,-5.679853E+001,1,2
145,8250000000.0,-4.025028E+001,-6.725484E+001,1,2
146,8300000000.0,-3.929955E+001,-9.548286E+001,1,2
147,8350000000.0,-4.112322E+001,-1.014750E+002,1,2
148,8400000000.0,-4.043619E+001,-1.039977E+002,1,2
149,8450000000.0,-3.798252E+001,-1.296087E+002,1,2
150,8500000000.0,-3.920074E+001,-1.606629E+002,1,2
151,8550000000.0,-4.317852E+001,-1.687825E+002,1,2
152,8600000000.0,-4.282978E+001, 1.630661E+002,1,2
153,8650000000.0,-5.112327E+001, 1.290796E+002,1,2
154,8700000000.0,-5.122374E+001,-1.461147E+002,1,2
155,8750000000.0,-4.807927E+001,-1.424650E+002,1,2
156,8800000000.0,-4.299918E+001,-1.370752E+002,1,2
157,8850000000.0,-3.927222E+001,-1.707810E+002,1,2
158,8900000000.0,-4.075594E+001, 1.612092E+002,1,2
159,8950000000.0,-3.978952E+001, 1.507737E+002,1,2
160,9000000000.0,-4.013752E+001, 1.254839E+002,1,2
161,9050000000.0,-4.196887E+001, 1.151174E+002,1,2
162,9100000000.0,-4.270818E+001, 1.150529E+002,1,2
163,9150000000.0,-4.226133E+001, 1.010690E+002,1,2
164,9200000000.0,-4.108145E+001, 9.297031E+001,1,2
165,9250000000.0,-4.136950E+001, 7.163540E+001,1,2
166,9300000000.0,-4.226112E+001, 4.591385E+001,1,2
167,9350000000.0,-4.477845E+001, 5.740224E+001,1,2
168,9400000000.0,-4.267538E+001, 3.256879E+001,1,2
169,9450000000.0,-4.326571E+001, 2.967608E+001,1,2
170,9500000000.0,-4.506948E+001,-1.424302E+001,1,2
171,9550000000.0,-4.983162E+001,-2.546724E+001,1,2
172,9600000000.0,-5.193031E+001, 1.519328E+001,1,2
173,9650000000.0,-4.640941E+001, 5.275596E+000,1,2
174,9700000000.0,-5.647516E+001,-2.026196E+001,1,2
175,9750000000.0,-5.100085E+001, 1.243509E+001,1,2
176,9800000000.0,-5.043967E+001, 1.834514E+001,1,2
177,9850000000.0,-4.510542E+001,-8.251403E+000,1,2
178,9900000000.0,-4.864739E+001,-1.622639E+001,1,2
179,9950000000.0,-4.810063E+001,-2.690687E+001,1,2
180,10000000000.0,-4.568981E+001,-3.676421E+001,1,2
181,10050000000.0,-4.843334E+001,-6.473599E+001,1,2
182,10100000000.0,-4.799635E+001,-5.953805E+001,1,2
183,10150000000.0,-4.948703E+001,-5.455396E+001,1,2
184,10200000000.0,-4.535579E+001,-7.354791E+001,1,2
185,10250000000.0,-4.529952E+001,-1.034343E+002,1,2
186,10300000000.0,-4.729804E+001,-1.088843E+002,1,2
187,10350000000.0,-4.936684E+001,-1.191458E+002,1,2
188,10400000000.0,-4.676841E+001,-1.383513E+002,1,2
189,10450000000.0,-4.852125E+001,-1.660491E+002,1,2
190,10500000000.0,-5.213219E+001, 1.752667E+002,1,2
191,10550000000.0,-5.991856E+001,-1.419973E+002,1,2
192,10600000000.0,-5.188890E+001,-1.610367E+002,1,2
193,10650000000.0,-5.691843E+001,-1.717408E+002,1,2
194,10700000000.0,-5.238202E+001, 1.720035E+002,1,2
195,10750000000.0,-6.071408E+001, 1.566817E+002,1,2
196,10800000000.0,-5.294559E+001,-1.426802E+002,1,2
197,10850000000.0,-5.153193E+001, 1.691452E+002,1,2
198,10900000000.0,-5.209693E+001, 1.549458E+002,1,2
199,10950000000.0,-4.963881E+001, 1.627409E+002,1,2
200,11000000000.0,-4.778777E+001, 1.238696E+002,1,2
0,1000000000.0,-1.132688E+001, 9.198069E+001,2,2
1,1050000000.0,-1.049728E+001, 5.522394E+001,2,2
2,1100000000.0,-1.021668E+001, 2.312426E+001,2,2
3,1150000000.0,-1.005251E+001,-6.636574E+000,2,2
4,1200000000.0,-1.065500E+001,-4.590208E+001,2,2
5,1250000000.0,-1.093077E+001,-7.070795E+001,2,2
6,1300000000.0,-1.126968E+001,-1.019777E+002,2,2
7,1350000000.0,-1.258615E+001,-1.265666E+002,2,2
8,1400000000.0,-1.294430E+001,-1.558608E+002,2,2
9,1450000000.0,-1.379012E+001,-1.790411E+002,2,2
10,1500000000.0,-1.369924E+001, 1.510124E+002,2,2
11,1550000000.0,-1.456765E+001, 1.265685E+002,2,2
12,1600000000.0,-1.641924E+001, 1.001939E+002,2,2
13,1650000000.0,-1.719632E+001, 7.249778E+001,2,2
14,1700000000.0,-2.011243E+001, 5.147583E+001,2,2
15,1750000000.0,-2.203364E+001, 3.147065E+001,2,2
16,1800000000.0,-2.197912E+001, 5.305067E+001,2,2
17,1850000000.0,-1.746549E+001, 2.991998E+001,2,2
18,1900000000.0,-1.568940E+001,-5.147768E+000,2,2
19,1950000000.0,-1.647146E+001,-3.667020E+001,2,2
20,2000000000.0,-1.646014E+001,-6.210318E+001,2,2
21,2050000000.0,-1.558224E+001,-9.192836E+001,2,2
22,2100000000.0,-1.560987E+001,-1.250063E+002,2,2
23,2150000000.0,-1.624381E+001,-1.530291E+002,2,2
24,2200000000.0,-1.630887E+001, 1.783699E+002,2,2
25,2250000000.0,-1.673751E+001, 1.513647E+002,2,2
26,2300000000.0,-1.685993E+001, 1.195319E+002,2,2
27,2350000000.0,-1.784140E+001, 9.536836E+001,2,2
28,2400000000.0,-1.832055E+001, 6.467716E+001,2,2
29,2450000000.0,-1.900247E+001, 4.037880E+001,2,2
30,2500000000.0,-1.926530E+001, 1.369203E+001,2,2
31,2550000000.0,-1.937534E+001,-8.562160E+000,2,2
32,2600000000.0,-1.921692E+001,-3.323807E+001,2,2
33,2650000000.0,-1.899084E+001,-6.273080E+001,2,2
34,2700000000.0,-1.953620E+001,-9.108650E+001,2,2
35,2750000000.0,-1.953749E+001,-1.204121E+002,2,2
36,2800000000.0,-2.080115E+001,-1.517936E+002,2,2
37,2850000000.0,-2.281990E+001,-1.772609E+002,2,2
38,2900000000.0,-2.360856E+001, 1.562295E+002,2,2
39,2950000000.0,-2.478953E+001, 1.267681E+002,2,2
40,3000000000.0,-2.762729E+001, 1.123419E+002,2,2
41,3050000000.0,-2.896610E+001, 1.087390E+002,2,2
42,3100000000.0,-2.684850E+001, 1.052166E+002,2,2
43,3150000000.0,-2.557043E+001, 8.015207E+001,2,2
44,3200000000.0,-2.416413E+001, 5.492122E+001,2,2
45,3250000000.0,-2.317645E+001, 2.940740E+001,2,2
46,3300000000.0,-2.198854E+001,-7.198206E-001,2,2
47,3350000000.0,-2.125232E+001,-3.690836E+001,2,2
48,3400000000.0,-2.154301E+001,-7.229478E+001,2,2
49,3450000000.0,-2.202932E+001,-1.095078E+002,2,2
50,3500000000.0,-2.285383E+001,-1.400536E+002,2,2
51,3550000000.0,-2.366104E+001,-1.742598E+002,2,2
52,3600000000.0,-2.560823E+001, 1.481853E+002,2,2
53,3650000000.0,-2.767284E+001, 1.228292E+002,2,2
54,3700000000.0,-2.984959E+001, 9.599809E+001,2,2
55,3750000000.0,-3.279902E+001, 7.052944E+001,2,2
56,3800000000.0,-3.466337E+001, 6.147353E+001,2,2
57,3850000000.0,-3.275374E+001, 4.764250E+001,2,2
58,3900000000.0,-3.083198E+001, 6.697928E+000,2,2
59,3950000000.0,-3.176526E+001,-2.508443E+001,2,2
60,4000000000.0,-3.491847E+001,-6.680433E+001,2,2
61,4050000000.0,-3.846888E+001,-8.634721E+001,2,2
62,4100000000.0,-3.898576E+001,-1.333917E+002,2,2
63,4150000000.0,-4.392709E+001,-1.501180E+002,2,2
64,4200000000.0,-4.527388E+001, 7.741270E+001,2,2
65,4250000000.0,-4.810192E+001,-8.513073E-001,2,2
66,4300000000.0,-3.906350E+001,-5.505097E+001,2,2
67,4350000000.0,-3.793306E+001,-1.016233E+002,2,2
68,4400000000.0,-3.596911E+001,-1.389125E+002,2,2
69,4450000000.0,-3.592409E+001,-1.713494E+002,2,2
70,4500000000.0,-3.399222E+001, 1.642086E+002,2,2
71,4550000000.0,-3.082710E+001, 1.361575E+002,2,2
72,4600000000.0,-3.110135E+001, 9.232657E+001,2,2
73,4650000000.0,-3.157283E+001, 6.423466E+001,2,2
74,4700000000.0,-3.048551E+001, 3.431091E+001,2,2
75,4750000000.0,-3.046194E+001,-4.978702E+000,2,2
76,4800000000.0,-3.223897E+001,-3.598223E+001,2,2
77,4850000000.0,-3.266520E+001,-5.913597E+001,2,2
78,4900000000.0,-3.332108E+001,-8.678215E+001,2,2
79,4950000000.0,-3.424677E+001,-1.109728E+002,2,2
80,5000000000.0,-3.441196E+001,-1.244981E+002,2,2
81,5050000000.0,-3.396705E+001,-1.487064E+002,2,2
82,5100000000.0,-3.267831E+001,-1.739813E+002,2,2
83,5150000000.0,-3.185276E+001, 1.566353E+002,2,2
84,5200000000.0,-3.139825E+001, 1.272753E+002,2,2
85,5250000000.0,-3.110961E+001, 9.568946E+001,2,2
86,5300000000.0,-2.947173E+001, 6.058215E+001,2,2
87,5350000000.0,-2.936203E+001, 1.850005E+001,2,2
88,5400000000.0,-2.968430E+001,-2.539152E+001,2,2
89,5450000000.0,-3.150158E+001,-6.630052E+001,2,2
90,5500000000.0,-3.273423E+001,-9.876231E+001,2,2
91,5550000000.0,-3.402843E+001,-1.408332E+002,2,2
92,5600000000.0,-3.628010E+001, 1.788378E+002,2,2
93,5650000000.0,-3.971662E+001, 1.325005E+002,2,2
94,5700000000.0,-4.660387E+001, 1.176118E+002,2,2
95,5750000000.0,-5.080169E+001,-1.767424E+002,2,2
96,5800000000.0,-4.310717E+001, 1.590219E+002,2,2
97,5850000000.0,-4.025718E+001, 1.043736E+002,2,2
98,5900000000.0,-3.797449E+001, 7.580882E+001,2,2
99,5950000000.0,-3.993947E+001, 2.632898E+001,2,2
100,6000000000.0,-3.637619E+001,-5.806166E+000,2,2
101,6050000000.0,-3.606526E+001,-4.660376E+001,2,2
102,6100000000.0,-3.558686E+001,-9.402428E+001,2,2
103,6150000000.0,-3.575555E+001,-1.309963E+002,2,2
104,6200000000.0,-3.702984E+001,-1.736330E+002,2,2
105,6250000000.0,-3.928844E+001, 1.571545E+002,2,2
106,6300000000.0,-3.955807E+001, 1.271607E+002,2,2
107,6350000000.0,-3.965076E+001, 1.032417E+002,2,2
108,6400000000.0,-3.882195E+001, 5.826395E+001,2,2
109,6450000000.0,-4.412243E+001,-6.527639E+000,2,2
110,6500000000.0,-5.343420E+001, 2.054307E+001,2,2
111,6550000000.0,-4.537209E+001,-2.175356E+000,2,2
112,6600000000.0,-4.295813E+001,-4.669461E+001,2,2
113,6650000000.0,-4.516563E+001,-9.315768E+001,2,2
114,6700000000.0,-5.106564E+001,-1.165771E+002,2,2
115,6750000000.0,-4.303143E+001,-1.314594E+002,2,2
116,6800000000.0,-4.208488E+001,-1.576690E+002,2,2
117,6850000000.0,-4.166467E+001, 1.449486E+002,2,2
118,6900000000.0,-4.174880E+001, 1.189877E+002,2,2
119,6950000000.0,-4.083784E+001, 7.673781E+001,2,2
120,7000000000.0,-4.085130E+001, 3.976080E+001,2,2
121,7050000000.0,-4.016146E+001,-2.738752E+000,2,2
122,7100000000.0,-4.255270E+001,-5.245197E+001,2,2
123,7150000000.0,-4.154318E+001,-6.909633E+001,2,2
124,7200000000.0,-4.166737E+001,-1.303640E+002,2,2
125,7250000000.0,-4.497857E+001,-1.540956E+002,2,2
126,7300000000.0,-4.360838E+001,-1.725358E+002,2,2
127,7350000000.0,-4.215000E+001, 1.552990E+002,2,2
128,7400000000.0,-4.392579E+001, 1.140001E+002,2,2
129,7450000000.0,-4.500542E+001, 1.189247E+002,2,2
130,7500000000.0,-4.283949E+001, 8.162983E+001,2,2
131,7550000000.0,-4.396369E+001, 5.787860E+001,2,2
132,7600000000.0,-4.749160E+001, 3.328367E+001,2,2
133,7650000000.0,-4.996284E+001, 2.706248E+001,2,2
134,7700000000.0,-4.994031E+001,-4.327986E+000,2,2
135,7750000000.0,-6.076983E+001, 1.237653E+002,2,2
136,7800000000.0,-4.667992E+001, 5.928049E+001,2,2
137,7850000000.0,-4.469555E+001, 2.563051E+001,2,2
138,7900000000.0,-4.468620E+001, 2.407539E+001,2,2
139,7950000000.0,-4.313609E+001,-3.616677E-002,2,2
140,8000000000.0,-4.332624E+001,-8.464450E+000,2,2
141,8050000000.0,-4.552624E+001,-1.139955E+001,2,2
142,8100000000.0,-4.190283E+001,-1.998662E+001,2,2
143,8150000000.0,-4.206971E+001,-3.850789E+001,2,2
144,8200000000.0,-3.911057E+001,-5.650533E+001,2,2
145,8250000000.0,-3.984980E+001,-7.104248E+001,2,2
146,8300000000.0,-3.943039E+001,-9.313875E+001,2,2
147,8350000000.0,-4.088750E+001,-1.115977E+002,2,2
148,8400000000.0,-3.998999E+001,-1.057315E+002,2,2
149,8450000000.0,-3.901838E+001,-1.318850E+002,2,2
150,8500000000.0,-3.952218E+001,-1.589761E+002,2,2
151,8550000000.0,-4.377542E+001,-1.669682E+002,2,2
152,8600000000.0,-4.196739E+001, 1.688366E+002,2,2
153,8650000000.0,-4.978178E+001, 1.573815E+002,2,2
154,8700000000.0,-4.958382E+001, 1.780976E+002,2,2
155,8750000000.0,-4.857218E+001,-1.408719E+002,2,2
156,8800000000.0,-4.437337E+001,-1.366066E+002,2,2
157,8850000000.0,-4.033256E+001,-1.660278E+002,2,2
158,8900000000.0,-4.046668E+001, 1.682561E+002,2,2
159,8950000000.0,-3.978610E+001, 1.524499E+002,2,2
160,9000000000.0,-3.919279E+001, 1.255057E+002,2,2
161,9050000000.0,-4.234442E+001, 1.130122E+002,2,2
162,9100000000.0,-4.169746E+001, 1.134067E+002,2,2
163,9150000000.0,-4.292854E+001, 9.345742E+001,2,2
164,9200000000.0,-4.175648E+001, 9.061387E+001,2,2
165,9250000000.0,-4.211728E+001, 7.486000E+001,2,2
166,9300000000.0,-4.249699E+001, 5.812312E+001,2,2
167,9350000000.0,-4.188774E+001, 5.989624E+001,2,2
168,9400000000.0,-4.121769E+001, 2.433577E+001,2,2
169,9450000000.0,-4.431308E+001, 1.728771E+001,2,2
170,9500000000.0,-4.804762E+001,-2.854907E+001,2,2
171,9550000000.0,-5.350103E+001,-2.279278E+000,2,2
172,9600000000.0,-4.982847E+001, 3.808651E+001,2,2
173,9650000000.0,-4.490120E+001,-4.051296E+000,2,2
174,9700000000.0,-5.394171E+001,-1.831366E+001,2,2
175,9750000000.0,-5.210516E+001,-7.210312E+000,2,2
176,9800000000.0,-5.184341E+001, 1.595000E+001,2,2
177,9850000000.0,-4.708711E+001,-6.376063E+000,2,2
178,9900000000.0,-4.768359E+001, 4.503227E+000,2,2
179,9950000000.0,-4.676237E+001,-2.181832E+001,2,2
180,10000000000.0,-4.388103E+001,-3.733759E+001,2,2
181,10050000000.0,-4.661362E+001,-7.226966E+001,2,2
182,10100000000.0,-4.769326E+001,-7.331600E+001,2,2
183,10150000000.0,-5.242947E+001,-4.867485E+001,2,2
184,10200000000.0,-4.548887E+001,-7.015523E+001,2,2
185,10250000000.0,-4.577713E+001,-9.820271E+001,2,2
186,10300000000.0,-4.666635E+001,-1.063566E+002,2,2
187,10350000000.0,-4.740134E+001,-1.152006E+002,2,2
188,10400000000.0,-4.569233E+001,-1.460814E+002,2,2
189,10450000000.0,-4.824293E+001,-1.796919E+002,2,2
190,10500000000.0,-5.541706E+001, 1.653232E+002,2,2
191,10550000000.0,-6.037574E+001,-1.278542E+002,2,2
192,10600000000.0,-5.150120E+001,-1.549141E+002,2,2
193,10650000000.0,-5.563538E+001,-1.596211E+002,2,2
194,10700000000.0,-5.092428E+001, 1.664550E+002,2,2
195,10750000000.0,-5.636657E+001,-1.767226E+002,2,2
196,10800000000.0,-5.751362E+001, 1.741575E+002,2,2
197,10850000000.0,-5.454008E+001, 1.643025E+002,2,2
198,10900000000.0,-5.575386E+001,-1.724845E+002,2,2
199,10950000000.0,-4.858983E+001, 1.710383E+002,2,2
200,11000000000.0,-4.641998E+001, 1.318531E+002,2,2
